divipola,nombre,poblacion,cabecera,urb_share
05001,Medellín,2528343,2479683,0.9808
05002,Abejorral,21147,8450,0.3996
05004,Abriaquí,2807,911,0.3245
05021,Alejandría,5285,2966,0.5612
05030,Amagá,32858,16131,0.4909
05031,Amalfi,29054,16747,0.5764
05034,Andes,45367,22197,0.4893
05036,Angelópolis,6203,2530,0.4079
05038,Angostura,12511,3144,0.2513
05040,Anorí,21035,9307,0.4425
05042,Santafé de Antioquia,28421,18411,0.6478
05044,Anzá,7681,1602,0.2086
05045,Apartadó,125203,104385,0.8337
05051,Arboletes,31707,12212,0.3852
05055,Argelia,8215,3893,0.4739
05059,Armenia,5310,1917,0.361
05079,Barbosa,63455,27023,0.4259
05086,Belmira,6151,1793,0.2915
05088,Bello,601916,580365,0.9642
05091,Betania,10751,3992,0.3713
05093,Betulia,16980,5110,0.3009
05101,Ciudad Bolívar,27573,17015,0.6171
05107,Briceño,7957,2808,0.3529
05113,Buriticá,11015,2928,0.2658
05120,Cáceres,29067,6871,0.2364
05125,Caicedo,9107,2083,0.2287
05129,Caldas,89072,70292,0.7892
05134,Campamento,10005,3029,0.3027
05138,Cañasgordas,15470,5443,0.3518
05142,Caracolí,4510,2770,0.6142
05145,Caramanta,4499,2153,0.4786
05147,Carepa,50952,36681,0.7199
05148,El Carmen de Viboral,69588,41308,0.5936
05150,Carolina,3942,2988,0.758
05154,Caucasia,93843,83783,0.8928
05172,Chigorodó,56738,47620,0.8393
05190,Cisneros,10092,8840,0.8759
05197,Cocorná,16089,7332,0.4557
05206,Concepción,5112,2228,0.4358
05209,Concordia,22163,8081,0.3646
05212,Copacabana,90882,72771,0.8007
05234,Dabeiba,24808,10136,0.4086
05237,Donmatías,19793,12986,0.6561
05240,Ebéjico,12612,2709,0.2148
05250,El Bagre,56197,37980,0.6758
05264,Entrerríos,12736,6699,0.526
05266,Envigado,264637,253737,0.9588
05282,Fredonia,26401,9164,0.3471
05284,Frontino,21778,9639,0.4426
05306,Giraldo,6404,2533,0.3955
05308,Girardota,61439,33686,0.5483
05310,Gómez Plata,10373,5578,0.5377
05313,Granada,10511,5844,0.556
05315,Guadalupe,7009,2562,0.3655
05318,Guarne,65173,22966,0.3524
05321,Guatapé,9695,6411,0.6613
05347,Heliconia,5038,2289,0.4543
05353,Hispania,5929,3839,0.6475
05360,Itagüí,304527,275129,0.9035
05361,Ituango,29515,8459,0.2866
05364,Jardín,15433,8402,0.5444
05368,Jericó,14376,8322,0.5789
05376,La Ceja,73275,63489,0.8664
05380,La Estrella,83089,70942,0.8538
05390,La Pintada,8654,7727,0.8929
05400,La Unión,24057,14851,0.6173
05411,Liborina,10854,2753,0.2536
05425,Maceo,8873,3538,0.3987
05440,Marinilla,74390,52542,0.7063
05467,Montebello,6538,2045,0.3128
05475,Murindó,5896,2170,0.368
05480,Mutatá,13821,5442,0.3937
05483,Nariño,11000,3686,0.3351
05490,Necoclí,42569,12212,0.2869
05495,Nechí,29415,16464,0.5597
05501,Olaya,3469,377,0.1087
05541,Peñol,23827,13009,0.546
05543,Peque,8782,2779,0.3164
05576,Pueblorrico,9053,4845,0.5352
05579,Puerto Berrío,39192,33461,0.8538
05585,Puerto Nare,15584,5304,0.3403
05591,Puerto Triunfo,20173,3864,0.1915
05604,Remedios,33021,14344,0.4344
05607,Retiro,27218,14951,0.5493
05615,Rionegro,154192,97065,0.6295
05628,Sabanalarga,9909,3524,0.3556
05631,Sabaneta,106652,92182,0.8643
05642,Salgar,18925,7492,0.3959
05647,San Andrés de Cuerquía,7402,3139,0.4241
05649,San Carlos,16938,7906,0.4668
05652,San Francisco,6058,2788,0.4602
05656,San Jerónimo,18345,8380,0.4568
05658,San José de La Montaña,4017,2599,0.647
05659,San Juan de Urabá,19946,7633,0.3827
05660,San Luis,14447,8692,0.6016
05664,San Pedro de Los Milagros,22287,12627,0.5666
05665,San Pedro de Urabá,32471,15201,0.4681
05667,San Rafael,17411,8991,0.5164
05670,San Roque,24555,8183,0.3333
05674,San Vicente,24776,7025,0.2835
05679,Santa Bárbara,29470,14019,0.4757
05686,Santa Rosa de Osos,40261,22963,0.5704
05690,Santo Domingo,13488,3375,0.2502
05697,El Santuario,39984,28762,0.7193
05736,Segovia,39343,32112,0.8162
05756,Sonsón,35980,17629,0.49
05761,Sopetrán,16523,7451,0.4509
05789,Támesis,16674,7873,0.4722
05790,Tarazá,29298,15278,0.5215
05792,Tarso,6556,3684,0.5619
05809,Titiribí,11537,5355,0.4642
05819,Toledo,4824,1758,0.3644
05837,Turbo,130233,53584,0.4114
05842,Uramita,7455,2483,0.3331
05847,Urrao,31988,17553,0.5487
05854,Valdivia,15014,4414,0.294
05856,Valparaíso,6714,3924,0.5845
05858,Vegachí,12160,8600,0.7072
05861,Venecia,12412,5742,0.4626
05873,Vigía del Fuerte,11430,4131,0.3614
05885,Yalí,7719,3779,0.4896
05887,Yarumal,41884,30065,0.7178
05890,Yolombó,25038,7967,0.3182
05893,Yondó,22061,11587,0.5252
05895,Zaragoza,26785,13547,0.5058
08001,Barranquilla,1279344,1278651,0.9995
08078,Baranoa,75389,63480,0.842
08137,Campo de La Cruz,27320,23858,0.8733
08141,Candelaria,19516,14333,0.7344
08296,Galapa,69643,64476,0.9258
08372,Juan de Acosta,24309,15738,0.6474
08421,Luruaco,33013,17460,0.5289
08433,Malambo,151319,140986,0.9317
08436,Manatí,23834,21126,0.8864
08520,Palmar de Varela,35503,34184,0.9628
08549,Piojó,7876,3536,0.449
08558,Polonuevo,21402,18032,0.8425
08560,Ponedera,27507,16310,0.5929
08573,Puerto Colombia,64226,56016,0.8722
08606,Repelón,30377,20978,0.6906
08634,Sabanagrande,39668,37931,0.9562
08638,Sabanalarga,105157,80138,0.7621
08675,Santa Lucía,19570,16944,0.8658
08685,Santo Tomás,36989,35069,0.9481
08758,Soledad,722845,721770,0.9985
08770,Suan,14460,13606,0.9409
08832,Tubará,20309,10647,0.5243
08849,Usiacurí,15458,14477,0.9365
11001,"Bogotá, D.C.",7942867,7912359,0.9962
13001,Cartagena de Indias,1011520,903881,0.8936
13006,Achí,27912,6167,0.2209
13030,Altos del Rosario,11343,3860,0.3403
13042,Arenal,8668,5121,0.5908
13052,Arjona,73747,58185,0.789
13062,Arroyohondo,8506,4835,0.5684
13074,Barranco de Loba,17437,6507,0.3732
13140,Calamar,25055,14350,0.5727
13160,Cantagallo,8898,4927,0.5537
13188,Cicuco,16002,10413,0.6507
13212,Córdoba,18432,4254,0.2308
13222,Clemencia,16097,13529,0.8405
13244,El Carmen de Bolívar,77083,56338,0.7309
13248,El Guamo,9728,5264,0.5411
13268,El Peñón,7963,2826,0.3549
13300,Hatillo de Loba,13333,3289,0.2467
13430,Magangué,150929,104415,0.6918
13433,Mahates,32192,11553,0.3589
13440,Margarita,11800,1802,0.1527
13442,María La Baja,49112,21621,0.4402
13458,Montecristo,16435,3821,0.2325
13468,Mompós,48932,24915,0.5092
13473,Morales,25879,7942,0.3069
13490,Norosí,12874,2909,0.226
13549,Pinillos,25818,3646,0.1412
13580,Regidor,7915,4869,0.6152
13600,Río Viejo,12476,5921,0.4746
13620,San Cristóbal,9752,7525,0.7716
13647,San Estanislao,21426,14457,0.6747
13650,San Fernando,12713,2010,0.1581
13654,San Jacinto,27614,23866,0.8643
13655,San Jacinto del Cauca,10804,2682,0.2482
13657,San Juan Nepomuceno,42699,31764,0.7439
13667,San Martín de Loba,15866,7499,0.4726
13670,San Pablo,29198,23392,0.8012
13673,Santa Catalina,15319,5997,0.3915
13683,Santa Rosa,22497,20475,0.9101
13688,Santa Rosa del Sur,33630,20440,0.6078
13744,Simití,18488,6052,0.3273
13760,Soplaviento,13119,12897,0.9831
13780,Talaigua Nuevo,15225,7303,0.4797
13810,Tiquisio,18489,6281,0.3397
13836,Turbaco,127464,117090,0.9186
13838,Turbaná,17881,13451,0.7523
13873,Villanueva,29535,25607,0.867
13894,Zambrano,13477,11765,0.873
15001,Tunja,189660,181551,0.9572
15022,Almeida,1807,378,0.2092
15047,Aquitania,15363,6280,0.4088
15051,Arcabuco,6459,2800,0.4335
15087,Belén,7665,4814,0.628
15090,Berbeo,1652,480,0.2906
15092,Betéitiva,1809,359,0.1985
15097,Boavita,5178,2559,0.4942
15104,Boyacá,5324,964,0.1811
15106,Briceño,2254,572,0.2538
15109,Buenavista,4518,929,0.2056
15114,Busbanzá,1338,565,0.4223
15131,Caldas,2869,319,0.1112
15135,Campohermoso,3209,904,0.2817
15162,Cerinza,3545,1681,0.4742
15172,Chinavita,3086,1259,0.408
15176,Chiquinquirá,58267,51547,0.8847
15180,Chiscas,4094,1018,0.2487
15183,Chita,8237,2305,0.2798
15185,Chitaraque,5969,1374,0.2302
15187,Chivatá,2848,569,0.1998
15189,Ciénega,4531,1333,0.2942
15204,Cómbita,13517,1750,0.1295
15212,Coper,3476,951,0.2736
15215,Corrales,2570,1641,0.6385
15218,Covarachía,2867,597,0.2082
15223,Cubará,13318,3189,0.2395
15224,Cucaita,3808,1609,0.4225
15226,Cuítiva,1843,308,0.1671
15232,Chíquiza,4811,479,0.0996
15236,Chivor,2723,790,0.2901
15238,Duitama,135991,121050,0.8901
15244,El Cocuy,4304,2372,0.5511
15248,El Espino,3149,1472,0.4674
15272,Firavitoba,7137,2821,0.3953
15276,Floresta,3351,1309,0.3906
15293,Gachantivá,2750,634,0.2305
15296,Gámeza,4644,1376,0.2963
15299,Garagoa,19470,13863,0.712
15317,Guacamayas,1814,661,0.3644
15322,Guateque,11408,8264,0.7244
15325,Guayatá,3473,1244,0.3582
15332,Güicán de La Sierra,4359,1453,0.3333
15362,Iza,1936,1203,0.6214
15367,Jenesano,7387,1971,0.2668
15368,Jericó,4019,1384,0.3444
15377,Labranzagrande,3766,1354,0.3595
15380,La Capilla,2550,1048,0.411
15401,La Victoria,1150,449,0.3904
15403,La Uvita,2835,1334,0.4705
15407,Villa de Leyva,19633,10053,0.512
15425,Macanal,5342,1385,0.2593
15442,Maripí,5881,971,0.1651
15455,Miraflores,9050,5641,0.6233
15464,Mongua,4509,2032,0.4507
15466,Monguí,4338,2403,0.5539
15469,Moniquirá,23864,12838,0.538
15476,Motavita,5219,890,0.1705
15480,Muzo,8125,5437,0.6692
15491,Nobsa,17091,5878,0.3439
15494,Nuevo Colón,5249,1181,0.225
15500,Oicatá,2926,492,0.1681
15507,Otanche,8210,3835,0.4671
15511,Pachavita,2281,554,0.2429
15514,Páez,3376,1514,0.4485
15516,Paipa,38533,24085,0.625
15518,Pajarito,2172,938,0.4319
15522,Panqueba,1705,867,0.5085
15531,Pauna,7360,2368,0.3217
15533,Paya,2776,652,0.2349
15537,Paz de Río,4375,2926,0.6688
15542,Pesca,7023,2501,0.3561
15550,Pisba,1957,670,0.3424
15572,Puerto Boyacá,47802,34659,0.7251
15580,Quípama,5002,1508,0.3015
15599,Ramiriquí,10118,4424,0.4372
15600,Ráquira,8064,2714,0.3366
15621,Rondón,2468,707,0.2865
15632,Saboyá,14530,1466,0.1009
15638,Sáchica,6356,3163,0.4976
15646,Samacá,19427,8212,0.4227
15660,San Eduardo,1660,790,0.4759
15664,San José de Pare,4825,1096,0.2272
15667,San Luis de Gaceno,5277,2467,0.4675
15673,San Mateo,3409,1332,0.3907
15676,San Miguel de Sema,3081,514,0.1668
15681,San Pablo de Borbur,6771,956,0.1412
15686,Santana,7771,2805,0.361
15690,Santa María,3625,2204,0.608
15693,Santa Rosa de Viterbo,13468,8392,0.6231
15696,Santa Sofía,3332,1158,0.3475
15720,Sativanorte,2063,704,0.3413
15723,Sativasur,1026,316,0.308
15740,Siachoque,6891,1329,0.1929
15753,Soatá,9269,6792,0.7328
15755,Socotá,7477,1718,0.2298
15757,Socha,8447,4687,0.5549
15759,Sogamoso,137839,122524,0.8889
15761,Somondoco,2980,763,0.256
15762,Sora,3170,602,0.1899
15763,Sotaquirá,8086,1106,0.1368
15764,Soracá,6213,1768,0.2846
15774,Susacón,2783,689,0.2476
15776,Sutamarchán,6315,2435,0.3856
15778,Sutatenza,4250,868,0.2042
15790,Tasco,6013,1840,0.306
15798,Tenza,3623,1169,0.3227
15804,Tibaná,9095,1999,0.2198
15806,Tibasosa,13648,4809,0.3524
15808,Tinjacá,3607,933,0.2587
15810,Tipacoque,3187,983,0.3084
15814,Toca,8971,4585,0.5111
15816,Togüí,4459,759,0.1702
15820,Tópaga,3743,1191,0.3182
15822,Tota,5146,1003,0.1949
15832,Tununguá,1558,309,0.1983
15835,Turmequé,5670,2067,0.3646
15837,Tuta,8231,2597,0.3155
15839,Tutazá,2015,216,0.1072
15842,Úmbita,7722,1287,0.1667
15861,Ventaquemada,17151,3101,0.1808
15879,Viracachá,2913,513,0.1761
15897,Zetaquira,4743,1348,0.2842
17001,Manizales,472087,445953,0.9446
17013,Aguadas,22505,12057,0.5357
17042,Anserma,37421,22043,0.5891
17050,Aranzazu,10797,7320,0.678
17088,Belalcázar,10411,4885,0.4692
17174,Chinchiná,50770,45090,0.8881
17272,Filadelfia,11063,4160,0.376
17380,La Dorada,71814,63190,0.8799
17388,La Merced,5773,2330,0.4036
17433,Manzanares,18367,11157,0.6074
17442,Marmato,9390,1380,0.147
17444,Marquetalia,13618,7033,0.5164
17446,Marulanda,2689,925,0.344
17486,Neira,21553,12683,0.5885
17495,Norcasia,6167,4272,0.6927
17513,Pácora,15713,8135,0.5177
17524,Palestina,16038,5761,0.3592
17541,Pensilvania,20473,8840,0.4318
17614,Riosucio,52327,20397,0.3898
17616,Risaralda,11130,4896,0.4399
17653,Salamina,19396,11912,0.6141
17662,Samaná,21073,7177,0.3406
17665,San José,4990,1527,0.306
17777,Supía,31570,15843,0.5018
17867,Victoria,10986,5020,0.4569
17873,Villamaría,73653,65152,0.8846
17877,Viterbo,12676,10840,0.8552
18001,Florencia,186497,163675,0.8776
18029,Albania,4835,2278,0.4711
18094,Belén de Los Andaquíes,11403,7040,0.6174
18150,Cartagena del Chairá,32456,16757,0.5163
18205,Curillo,7807,5402,0.6919
18247,El Doncello,19860,13768,0.6933
18256,El Paujíl,18896,9249,0.4895
18410,La Montañita,15448,2806,0.1816
18460,Milán,10250,1122,0.1095
18479,Morelia,3805,2054,0.5398
18592,Puerto Rico,27430,15160,0.5527
18610,San José del Fragua,13270,6677,0.5032
18753,San Vicente del Caguán,52672,24694,0.4688
18756,Solano,10837,2713,0.2503
18785,Solita,6412,3819,0.5956
18860,Valparaíso,7163,2374,0.3314
19001,Popayán,352150,289308,0.8215
19022,Almaguer,18398,1042,0.0566
19050,Argelia,27672,2541,0.0918
19075,Balboa,22405,5509,0.2459
19100,Bolívar,37978,4450,0.1172
19110,Buenos Aires,33182,861,0.0259
19130,Cajibío,46390,1862,0.0401
19137,Caldono,44587,1808,0.0405
19142,Caloto,31162,5170,0.1659
19212,Corinto,27349,13349,0.4881
19256,El Tambo,58071,2614,0.045
19290,Florencia,5194,1147,0.2208
19300,Guachené,20381,6549,0.3213
19318,Guapi,29530,14783,0.5006
19355,Inzá,29134,958,0.0329
19364,Jambaló,19319,1811,0.0937
19392,La Sierra,11382,1780,0.1564
19397,La Vega,24396,717,0.0294
19418,López de Micay,19624,1745,0.0889
19450,Mercaderes,26270,6500,0.2474
19455,Miranda,32681,18493,0.5659
19473,Morales,45325,2294,0.0506
19513,Padilla,10584,4667,0.4409
19517,Páez,53393,2538,0.0475
19532,Patía,39198,14056,0.3586
19533,Piamonte,9839,2214,0.225
19548,Piendamó - Tunía,42857,14390,0.3358
19573,Puerto Tejada,43622,37392,0.8572
19585,Puracé,18144,1556,0.0858
19622,Rosas,12121,1033,0.0852
19693,San Sebastián,10815,523,0.0484
19698,Santander de Quilichao,128547,59418,0.4622
19701,Santa Rosa,5326,603,0.1132
19743,Silvia,40219,4145,0.1031
19760,Sotará Paispamba,14713,424,0.0288
19780,Suárez,37875,6826,0.1802
19785,Sucre,9809,1588,0.1619
19807,Timbío,39064,15585,0.399
19809,Timbiquí,29477,6745,0.2288
19821,Toribío,39914,2223,0.0557
19824,Totoró,27422,1123,0.041
19845,Villa Rica,23629,16038,0.6787
20001,Valledupar,615987,540530,0.8775
20011,Aguachica,135087,117391,0.869
20013,Agustín Codazzi,68390,53470,0.7818
20032,Astrea,22255,11701,0.5258
20045,Becerril,27594,20494,0.7427
20060,Bosconia,48639,45541,0.9363
20175,Chimichagua,37925,14947,0.3941
20178,Chiriguaná,32915,19440,0.5906
20228,Curumaní,45650,32055,0.7022
20238,El Copey,35248,26322,0.7468
20250,El Paso,46484,8100,0.1743
20295,Gamarra,16073,10466,0.6512
20310,González,5006,1488,0.2972
20383,La Gloria,19713,6820,0.346
20400,La Jagua de Ibirico,60223,46118,0.7658
20443,Manaure Balcón del Cesar,11726,9722,0.8291
20517,Pailitas,21310,15857,0.7441
20550,Pelaya,24612,16973,0.6896
20570,Pueblo Bello,34527,10805,0.3129
20614,Río de Oro,19669,9025,0.4588
20621,La Paz,33287,23393,0.7028
20710,San Alberto,31811,25266,0.7943
20750,San Diego,23861,12919,0.5414
20770,San Martín,34220,18407,0.5379
20787,Tamalameque,16947,6698,0.3952
23001,Montería,574570,450188,0.7835
23068,Ayapel,50190,29417,0.5861
23079,Buenavista,22410,8160,0.3641
23090,Canalete,16518,4072,0.2465
23162,Cereté,121334,67350,0.5551
23168,Chimá,19635,3967,0.202
23182,Chinú,52515,22056,0.42
23189,Ciénaga de Oro,62919,23065,0.3666
23300,Cotorra,21648,6724,0.3106
23350,La Apartada,16498,12548,0.7606
23417,Lorica,120798,58093,0.4809
23419,Los Córdobas,19229,3737,0.1943
23464,Momil,22486,13517,0.6011
23466,Montelíbano,88139,65533,0.7435
23500,Moñitos,33137,7039,0.2124
23555,Planeta Rica,66591,42405,0.6368
23570,Pueblo Nuevo,38206,10634,0.2783
23574,Puerto Escondido,24698,4172,0.1689
23580,Puerto Libertador,46166,14189,0.3073
23586,Purísima de La Concepción,19309,8048,0.4168
23660,Sahagún,119946,58613,0.4887
23670,San Andrés Sotavento,52617,10965,0.2084
23672,San Antero,39432,18533,0.47
23675,San Bernardo del Viento,41366,10064,0.2433
23678,San Carlos,28909,4753,0.1644
23682,San José de Uré,15495,5847,0.3773
23686,San Pelayo,58534,9843,0.1682
23807,Tierralta,101499,46250,0.4557
23815,Tuchín,61361,8638,0.1408
23855,Valencia,36752,16838,0.4582
25001,Agua de Dios,11838,9512,0.8035
25019,Albán,6980,2277,0.3262
25035,Anapoima,16983,7843,0.4618
25040,Anolaima,14673,5362,0.3654
25053,Arbeláez,10712,5058,0.4722
25086,Beltrán,1778,468,0.2632
25095,Bituima,2466,603,0.2445
25099,Bojacá,10927,9040,0.8273
25120,Cabrera,4921,1403,0.2851
25123,Cachipay,10378,4269,0.4114
25126,Cajicá,122811,76974,0.6268
25148,Caparrapí,11310,3527,0.3118
25151,Cáqueza,18167,9273,0.5104
25154,Carmen de Carupa,7771,2786,0.3585
25168,Chaguaní,4381,1246,0.2844
25175,Chía,173728,135940,0.7825
25178,Chipaque,10204,3577,0.3505
25181,Choachí,11285,5054,0.4479
25183,Chocontá,21987,12972,0.59
25200,Cogua,25389,10607,0.4178
25214,Cota,47586,28377,0.5963
25224,Cucunubá,8325,1770,0.2126
25245,El Colegio,27003,13256,0.4909
25258,El Peñón,4735,919,0.1941
25260,El Rosal,27092,24697,0.9116
25269,Facatativá,165243,154228,0.9333
25279,Fómeque,12359,6264,0.5068
25281,Fosca,5597,1712,0.3059
25286,Funza,122260,117991,0.9651
25288,Fúquene,4948,453,0.0916
25290,Fusagasugá,159944,138744,0.8675
25293,Gachalá,4545,1853,0.4077
25295,Gachancipá,21332,15490,0.7261
25297,Gachetá,8618,4079,0.4733
25299,Gama,3188,975,0.3058
25307,Girardot,104137,100403,0.9641
25312,Granada,7660,2506,0.3272
25317,Guachetá,14913,7535,0.5053
25320,Guaduas,30732,15798,0.5141
25322,Guasca,17869,8439,0.4723
25324,Guataquí,3153,1556,0.4935
25326,Guatavita,6379,2669,0.4184
25328,Guayabal de Síquima,5132,1516,0.2954
25335,Guayabetal,7066,2705,0.3828
25339,Gutiérrez,3520,1262,0.3585
25368,Jerusalén,2135,877,0.4108
25372,Junín,4976,1061,0.2132
25377,La Calera,43453,18316,0.4215
25386,La Mesa,37508,21897,0.5838
25394,La Palma,9708,4812,0.4957
25398,La Peña,6073,1454,0.2394
25402,La Vega,19137,8343,0.436
25407,Lenguazaque,10670,3678,0.3447
25426,Machetá,6280,2136,0.3401
25430,Madrid,143090,136050,0.9508
25436,Manta,3471,1173,0.3379
25438,Medina,8517,5137,0.6031
25473,Mosquera,179940,176658,0.9818
25483,Nariño,2482,1834,0.7389
25486,Nemocón,14872,8033,0.5401
25488,Nilo,11080,3624,0.3271
25489,Nimaima,3672,996,0.2712
25491,Nocaima,5578,2097,0.3759
25506,Venecia,4528,1550,0.3423
25513,Pacho,25021,14692,0.5872
25518,Paime,3786,689,0.182
25524,Pandi,4908,1360,0.2771
25530,Paratebueno,8881,4306,0.4849
25535,Pasca,9394,3438,0.366
25572,Puerto Salgar,15799,11981,0.7583
25580,Pulí,3686,997,0.2705
25592,Quebradanegra,4939,775,0.1569
25594,Quetame,5201,1771,0.3405
25596,Quipile,5675,946,0.1667
25599,Apulo,8666,4134,0.477
25612,Ricaurte,15535,9313,0.5995
25645,San Antonio del Tequendama,12207,1748,0.1432
25649,San Bernardo,8729,4101,0.4698
25653,San Cayetano,4824,981,0.2034
25658,San Francisco,12843,6023,0.469
25662,San Juan de Rioseco,8415,3504,0.4164
25718,Sasaima,11447,3499,0.3057
25736,Sesquilé,12897,4790,0.3714
25740,Sibaté,40324,26793,0.6644
25743,Silvania,22520,8566,0.3804
25745,Simijaca,14487,9367,0.6466
25754,Soacha,870077,862705,0.9915
25758,Sopó,33511,22096,0.6594
25769,Subachoque,17999,9890,0.5495
25772,Suesca,19477,10009,0.5139
25777,Supatá,5550,2086,0.3759
25779,Susa,6595,2711,0.4111
25781,Sutatausa,6869,2695,0.3923
25785,Tabio,23025,8278,0.3595
25793,Tausa,8602,2110,0.2453
25797,Tena,11316,1463,0.1293
25799,Tenjo,25014,11950,0.4777
25805,Tibacuy,4265,775,0.1817
25807,Tibirita,3376,764,0.2263
25815,Tocaima,16083,10594,0.6587
25817,Tocancipá,49532,22633,0.4569
25823,Topaipí,3972,952,0.2397
25839,Ubalá,7897,1986,0.2515
25841,Ubaque,6934,1621,0.2338
25843,Villa de San Diego de Ubaté,47985,37921,0.7903
25845,Une,6670,3920,0.5877
25851,Útica,4345,2680,0.6168
25862,Vergara,6696,1625,0.2427
25867,Vianí,4643,1857,0.4
25871,Villagómez,1629,670,0.4113
25873,Villapinzón,18231,8025,0.4402
25875,Villeta,29421,21228,0.7215
25878,Viotá,13513,5178,0.3832
25885,Yacopí,10996,3393,0.3086
25898,Zipacón,4655,1545,0.3319
25899,Zipaquirá,166810,131333,0.7873
27001,Quibdó,141778,121595,0.8576
27006,Acandí,16200,6846,0.4226
27025,Alto Baudó,29176,3208,0.11
27050,Atrato,6464,2974,0.4601
27073,Bagadó,12701,2556,0.2012
27075,Bahía Solano,10867,6532,0.6011
27077,Bajo Baudó,34655,7359,0.2124
27099,Bojayá,13159,1027,0.078
27135,El Cantón del San Pablo,6535,2959,0.4528
27150,Carmen del Darién,21470,2247,0.1047
27160,Cértegui,6038,3448,0.5711
27205,Condoto,12644,9745,0.7707
27245,El Carmen de Atrato,8704,2547,0.2926
27250,El Litoral del San Juan,26940,1770,0.0657
27361,Istmina,35971,26001,0.7228
27372,Juradó,8541,2981,0.349
27413,Lloró,10407,3435,0.3301
27425,Medio Atrato,11265,825,0.0732
27430,Medio Baudó,17301,2310,0.1335
27450,Medio San Juan,11225,2634,0.2347
27491,Nóvita,9914,3701,0.3733
27493,Nuevo Belén de Bajirá,30214,12571,0.4161
27495,Nuquí,18766,1385,0.0738
27580,Río Iró,5807,1566,0.2697
27600,Río Quito,8446,2218,0.2626
27615,Riosucio,30268,14915,0.4928
27660,San José del Palmar,5130,1176,0.2292
27745,Sipí,3341,715,0.214
27787,Tadó,19308,11386,0.5897
27800,Unguía,12599,3517,0.2791
27810,Unión Panamericana,7272,3038,0.4178
41001,Neiva,402479,376767,0.9361
41006,Acevedo,26133,4812,0.1841
41013,Agrado,9337,6033,0.6461
41016,Aipe,17368,11400,0.6564
41020,Algeciras,22780,11076,0.4862
41026,Altamira,4760,2665,0.5599
41078,Baraya,8183,3884,0.4746
41132,Campoalegre,31929,24351,0.7627
41206,Colombia,7705,2245,0.2914
41244,Elías,4766,1609,0.3376
41298,Garzón,76558,40999,0.5355
41306,Gigante,23562,9427,0.4001
41319,Guadalupe,18554,5584,0.301
41349,Hobo,8082,6229,0.7707
41357,Íquira,9791,2762,0.2821
41359,Isnos,26685,6506,0.2438
41378,La Argentina,14021,5277,0.3764
41396,La Plata,68544,28832,0.4206
41483,Nátaga,7050,2877,0.4081
41503,Oporapa,12403,2447,0.1973
41518,Paicol,7718,3243,0.4202
41524,Palermo,26694,12663,0.4744
41530,Palestina,11920,1799,0.1509
41548,Pital,14761,5251,0.3557
41551,Pitalito,143407,84418,0.5887
41615,Rivera,28966,13877,0.4791
41660,Saladoblanco,10798,1884,0.1745
41668,San Agustín,36013,12078,0.3354
41676,Santa María,10786,2584,0.2396
41770,Suaza,26160,5215,0.1994
41791,Tarqui,18837,5905,0.3135
41797,Tesalia,12262,6092,0.4968
41799,Tello,12561,5583,0.4445
41801,Teruel,8265,4402,0.5326
41807,Timaná,23418,8300,0.3544
41872,Villavieja,7435,2457,0.3305
41885,Yaguará,8037,6703,0.834
44001,Riohacha,210871,153756,0.7291
44035,Albania,36852,21716,0.5893
44078,Barrancas,43576,21314,0.4891
44090,Dibulla,49910,7637,0.153
44098,Distracción,14353,7115,0.4957
44110,El Molino,7508,7075,0.9423
44279,Fonseca,55201,48916,0.8861
44378,Hatonuevo,23554,15087,0.6405
44420,La Jagua del Pilar,4230,2806,0.6634
44430,Maicao,213830,138263,0.6466
44560,Manaure,97580,13237,0.1357
44650,San Juan del Cesar,59279,41963,0.7079
44847,Uribia,204947,12916,0.063
44855,Urumita,11868,10646,0.897
44874,Villanueva,33120,31417,0.9486
47001,Santa Marta,582394,521897,0.8961
47030,Algarrobo,18979,11936,0.6289
47053,Aracataca,44719,25754,0.5759
47058,Ariguaní,31412,19361,0.6164
47161,Cerro de San Antonio,11570,6310,0.5454
47170,Chibolo,26484,16546,0.6248
47189,Ciénaga,138516,121710,0.8787
47205,Concordia,11208,4354,0.3885
47245,El Banco,75903,45221,0.5958
47258,El Piñón,26580,8480,0.319
47268,El Retén,21323,16486,0.7732
47288,Fundación,76213,64102,0.8411
47318,Guamal,28658,8174,0.2852
47460,Nueva Granada,23036,9323,0.4047
47541,Pedraza,10329,3201,0.3099
47545,Pijiño del Carmen,14229,6353,0.4465
47551,Pivijay,40669,23611,0.5806
47555,Plato,74242,56855,0.7658
47570,Puebloviejo,34516,10409,0.3016
47605,Remolino,13808,8925,0.6464
47660,Sabanas de San Ángel,16760,4727,0.282
47675,Salamina,12861,8570,0.6664
47692,San Sebastián de Buenavista,21943,6233,0.2841
47703,San Zenón,14204,1335,0.094
47707,Santa Ana,28471,15925,0.5593
47720,Santa Bárbara de Pinto,11028,6837,0.62
47745,Sitionuevo,28971,14881,0.5137
47798,Tenerife,14447,6997,0.4843
47960,Zapayán,11186,4237,0.3788
47980,Zona Bananera,79848,2605,0.0326
50001,Villavicencio,584389,537605,0.9199
50006,Acacías,103943,78650,0.7567
50110,Barranca de Upía,7922,5588,0.7054
50124,Cabuyaro,6963,3415,0.4904
50150,Castilla la Nueva,17622,7107,0.4033
50223,Cubarral,7455,4890,0.6559
50226,Cumaral,24710,16089,0.6511
50245,El Calvario,1909,676,0.3541
50251,El Castillo,8517,3199,0.3756
50270,El Dorado,4145,1469,0.3544
50287,Fuente de Oro,12922,7333,0.5675
50313,Granada,74331,62227,0.8372
50318,Guamal,16492,11051,0.6701
50325,Mapiripán,7301,2425,0.3321
50330,Mesetas,11873,4810,0.4051
50350,La Macarena,29924,4759,0.159
50370,Uribe,9736,2101,0.2158
50400,Lejanías,12229,5063,0.414
50450,Puerto Concordia,8729,3408,0.3904
50568,Puerto Gaitán,54636,26755,0.4897
50573,Puerto López,32366,19527,0.6033
50577,Puerto Lleras,10723,4005,0.3735
50590,Puerto Rico,13545,6667,0.4922
50606,Restrepo,21525,14238,0.6615
50680,San Carlos de Guaroa,14694,7418,0.5048
50683,San Juan de Arama,9469,4566,0.4822
50686,San Juanito,1393,745,0.5348
50689,San Martín,28448,20482,0.72
50711,Vistahermosa,18494,7828,0.4233
52001,Pasto,404102,315662,0.7811
52019,Albán,9627,2789,0.2897
52022,Aldana,7802,1669,0.2139
52036,Ancuya,8813,2169,0.2461
52051,Arboleda,9147,1276,0.1395
52079,Barbacoas,64392,14403,0.2237
52083,Belén,6278,3269,0.5207
52110,Buesaco,25192,7035,0.2793
52203,Colón,8510,1127,0.1324
52207,Consacá,15347,2432,0.1585
52210,Contadero,7554,1386,0.1835
52215,Córdoba,16936,3413,0.2015
52224,Cuaspud Carlosama,9995,2971,0.2972
52227,Cumbal,40971,7656,0.1869
52233,Cumbitara,5949,1691,0.2842
52240,Chachagüí,16474,4786,0.2905
52250,El Charco,22434,7484,0.3336
52254,El Peñol,7885,1470,0.1864
52256,El Rosario,12964,1944,0.15
52258,El Tablón de Gómez,14702,1646,0.112
52260,El Tambo,14560,5504,0.378
52287,Funes,7452,3241,0.4349
52317,Guachucal,20577,3217,0.1563
52320,Guaitarilla,11593,4469,0.3855
52323,Gualmatán,7677,3291,0.4287
52352,Iles,7673,2176,0.2836
52354,Imués,7843,1081,0.1378
52356,Ipiales,122149,81612,0.6681
52378,La Cruz,19684,8524,0.433
52381,La Florida,10097,2042,0.2022
52385,La Llanada,6575,3228,0.491
52390,La Tola,7895,3153,0.3994
52399,La Unión,34707,14022,0.404
52405,Leiva,9763,3078,0.3153
52411,Linares,10237,2277,0.2224
52418,Los Andes,9544,4515,0.4731
52427,Magüí,28377,8617,0.3037
52435,Mallama,8927,1247,0.1397
52473,Mosquera,12083,5718,0.4732
52480,Nariño,4540,2774,0.611
52490,Olaya Herrera,27052,11853,0.4382
52506,Ospina,7099,2017,0.2841
52520,Francisco Pizarro,15906,6268,0.3941
52540,Policarpa,9869,2647,0.2682
52560,Potosí,10396,2187,0.2104
52565,Providencia,5571,1522,0.2732
52573,Puerres,8488,3515,0.4141
52585,Pupiales,17246,6241,0.3619
52612,Ricaurte,23033,2803,0.1217
52621,Roberto Payán,12462,3410,0.2736
52678,Samaniego,29386,10040,0.3417
52683,Sandoná,20804,10634,0.5112
52685,San Bernardo,9190,2627,0.2859
52687,San Lorenzo,18745,2264,0.1208
52693,San Pablo,15378,4129,0.2685
52694,San Pedro de Cartago,6820,845,0.1239
52696,Santa Bárbara,14254,3918,0.2749
52699,Santacruz,10646,1498,0.1407
52720,Sapuyes,7374,1444,0.1958
52786,Taminango,18438,4169,0.2261
52788,Tangua,14662,3076,0.2098
52835,San Andrés de Tumaco,274765,94823,0.3451
52838,Túquerres,47314,18462,0.3902
52885,Yacuanquer,11661,3575,0.3066
54001,San José de Cúcuta,793211,762256,0.961
54003,Ábrego,36269,18751,0.517
54051,Arboledas,10639,2535,0.2383
54099,Bochalema,9634,3597,0.3734
54109,Bucarasica,7703,685,0.0889
54125,Cácota,3144,1076,0.3422
54128,Cáchira,12176,2110,0.1733
54172,Chinácota,20355,13099,0.6435
54174,Chitagá,13383,5085,0.38
54206,Convención,21228,8531,0.4019
54223,Cucutilla,8586,1651,0.1923
54239,Durania,5079,2496,0.4914
54245,El Carmen,15027,2560,0.1704
54250,El Tarra,27716,12002,0.433
54261,El Zulia,31833,19009,0.5971
54313,Gramalote,8553,2915,0.3408
54344,Hacarí,10791,1568,0.1453
54347,Herrán,8602,1585,0.1843
54377,Labateca,7049,1878,0.2664
54385,La Esperanza,12579,1942,0.1544
54398,La Playa,8668,1038,0.1198
54405,Los Patios,104220,101368,0.9726
54418,Lourdes,4584,2173,0.474
54480,Mutiscua,4668,904,0.1937
54498,Ocaña,138352,124286,0.8983
54518,Pamplona,52424,48573,0.9265
54520,Pamplonita,6253,1318,0.2108
54553,Puerto Santander,9563,8927,0.9335
54599,Ragonvalia,6736,3278,0.4866
54660,Salazar,11551,4443,0.3846
54670,San Calixto,13733,2551,0.1858
54673,San Cayetano,8839,2774,0.3138
54680,Santiago,4132,2165,0.524
54720,Sardinata,28815,11100,0.3852
54743,Silos,7269,1076,0.148
54800,Teorama,18521,3048,0.1646
54810,Tibú,68802,25420,0.3695
54820,Toledo,17628,6168,0.3499
54871,Villa Caro,5394,2415,0.4477
54874,Villa del Rosario,125580,121588,0.9682
63001,Armenia,306682,298425,0.9731
63111,Buenavista,3178,1219,0.3836
63130,Calarcá,74536,57499,0.7714
63190,Circasia,29024,21620,0.7449
63212,Córdoba,5877,3485,0.593
63272,Filandia,12398,6837,0.5515
63302,Génova,7718,4342,0.5626
63401,La Tebaida,33859,30434,0.8988
63470,Montenegro,37547,30743,0.8188
63548,Pijao,5351,3015,0.5634
63594,Quimbaya,31408,25438,0.8099
63690,Salento,10306,4256,0.413
66001,Pereira,487359,408608,0.8384
66045,Apía,12753,5911,0.4635
66075,Balboa,6630,1718,0.2591
66088,Belén de Umbría,25361,13394,0.5281
66170,Dosquebradas,243418,231932,0.9528
66318,Guática,12526,4033,0.322
66383,La Celia,7733,3142,0.4063
66400,La Virginia,28417,27774,0.9774
66440,Marsella,17379,9321,0.5363
66456,Mistrató,18455,4644,0.2516
66572,Pueblo Rico,18445,3597,0.195
66594,Quinchía,28154,8153,0.2896
66682,Santa Rosa de Cabal,83602,70264,0.8405
66687,Santuario,12993,6817,0.5247
68001,Bucaramanga,617659,607060,0.9828
68013,Aguada,1892,386,0.204
68020,Albania,4236,740,0.1747
68051,Aratoca,8854,2876,0.3248
68077,Barbosa,34021,26030,0.7651
68079,Barichara,12935,4201,0.3248
68081,Barrancabermeja,228836,201086,0.8787
68092,Betulia,6835,1736,0.254
68101,Bolívar,11571,1957,0.1691
68121,Cabrera,2135,511,0.2393
68132,California,2498,1179,0.472
68147,Capitanejo,6279,4147,0.6605
68152,Carcasí,4920,853,0.1734
68160,Cepitá,2188,660,0.3016
68162,Cerrito,7553,3989,0.5281
68167,Charalá,13841,8624,0.6231
68169,Charta,3298,943,0.2859
68176,Chimá,3283,1061,0.3232
68179,Chipatá,5242,823,0.157
68190,Cimitarra,33830,15913,0.4704
68207,Concepción,6116,3170,0.5183
68209,Confines,3674,923,0.2512
68211,Contratación,4199,3268,0.7783
68217,Coromoro,5715,1028,0.1799
68229,Curití,14607,5703,0.3904
68235,El Carmen de Chucurí,24554,4369,0.1779
68245,El Guacamayo,2221,821,0.3697
68250,El Peñón,5328,890,0.167
68255,El Playón,15214,8351,0.5489
68264,Encino,2926,733,0.2505
68266,Enciso,3960,1146,0.2894
68271,Florián,5706,1472,0.258
68276,Floridablanca,314188,301466,0.9595
68296,Galán,3079,988,0.3209
68298,Gámbita,4111,810,0.197
68307,Girón,176444,156257,0.8856
68318,Guaca,6754,1999,0.296
68320,Guadalupe,4615,1883,0.408
68322,Guapotá,2652,842,0.3175
68324,Guavatá,4314,1206,0.2796
68327,Güepsa,5613,3528,0.6285
68344,Hato,2662,849,0.3189
68368,Jesús María,3436,849,0.2471
68370,Jordán,1564,195,0.1247
68377,La Belleza,6341,2005,0.3162
68385,Landázuri,10629,3682,0.3464
68397,La Paz,5085,946,0.186
68406,Lebrija,51241,29724,0.5801
68418,Los Santos,17016,2508,0.1474
68425,Macaravita,2458,394,0.1603
68432,Málaga,24116,21063,0.8734
68444,Matanza,5673,1781,0.3139
68464,Mogotes,11181,4780,0.4275
68468,Molagavita,4716,850,0.1802
68498,Ocamonte,6563,1169,0.1781
68500,Oiba,11609,5534,0.4767
68502,Onzaga,4764,1595,0.3348
68522,Palmar,1545,583,0.3773
68524,Palmas del Socorro,2816,967,0.3434
68533,Páramo,5581,1725,0.3091
68547,Piedecuesta,191588,157236,0.8207
68549,Pinchote,6088,1493,0.2452
68572,Puente Nacional,15311,6209,0.4055
68573,Puerto Parra,9045,3403,0.3762
68575,Puerto Wilches,36359,18958,0.5214
68615,Rionegro,27119,7408,0.2732
68655,Sabana de Torres,38015,26734,0.7032
68669,San Andrés,8842,3502,0.3961
68673,San Benito,3017,382,0.1266
68679,San Gil,69546,61067,0.8781
68682,San Joaquín,2565,1043,0.4066
68684,San José de Miranda,4477,1066,0.2381
68686,San Miguel,2654,774,0.2916
68689,San Vicente de Chucurí,35892,14470,0.4032
68705,Santa Bárbara,2655,370,0.1394
68720,Santa Helena del Opón,3483,937,0.269
68745,Simacota,11626,2955,0.2542
68755,Socorro,36807,30652,0.8328
68770,Suaita,10295,2516,0.2444
68773,Sucre,7389,799,0.1081
68780,Suratá,4512,1184,0.2624
68820,Tona,8439,875,0.1037
68855,Valle de San José,7095,3030,0.4271
68861,Vélez,27042,15335,0.5671
68867,Vetas,2150,769,0.3577
68872,Villanueva,9122,5659,0.6204
68895,Zapatoca,10278,6992,0.6803
70001,Sincelejo,325685,289318,0.8883
70110,Buenavista,12123,9645,0.7956
70124,Caimito,17775,4333,0.2438
70204,Coloso,10243,4488,0.4382
70215,Corozal,78092,59492,0.7618
70221,Coveñas,22132,13322,0.6019
70230,Chalán,4888,3137,0.6418
70233,El Roble,10636,4649,0.4371
70235,Galeras,25568,13908,0.544
70265,Guaranda,19707,7924,0.4021
70400,La Unión,14165,6821,0.4815
70418,Los Palmitos,25905,12586,0.4859
70429,Majagual,40501,11372,0.2808
70473,Morroa,17275,10454,0.6052
70508,Ovejas,24604,12365,0.5026
70523,Palmito,16362,5582,0.3412
70670,Sampués,53896,27344,0.5073
70678,San Benito Abad,32276,6533,0.2024
70702,San Juan de Betulia,14839,7501,0.5055
70708,San Marcos,64873,36102,0.5565
70713,San Onofre,53277,20646,0.3875
70717,San Pedro,21013,13741,0.6539
70742,San Luis de Sincé,32824,24063,0.7331
70771,Sucre,33927,7798,0.2298
70820,Santiago de Tolú,38136,30855,0.8091
70823,Tolú Viejo,23380,7086,0.3031
73001,Ibagué,554947,514685,0.9274
73024,Alpujarra,4852,2274,0.4687
73026,Alvarado,8846,3364,0.3803
73030,Ambalema,6761,5356,0.7922
73043,Anzoátegui,10635,1621,0.1524
73055,Armero,12822,8098,0.6316
73067,Ataco,20461,5591,0.2733
73124,Cajamarca,18986,9857,0.5192
73148,Carmen de Apicalá,10994,8268,0.752
73152,Casabianca,6597,1773,0.2688
73168,Chaparral,53132,30337,0.571
73200,Coello,8590,1622,0.1888
73217,Coyaima,23707,4248,0.1792
73226,Cunday,9057,2588,0.2857
73236,Dolores,8615,3590,0.4167
73268,Espinal,71888,51730,0.7196
73270,Falan,7980,1950,0.2444
73275,Flandes,29121,25182,0.8647
73283,Fresno,31853,16206,0.5088
73319,Guamo,33860,17224,0.5087
73347,Herveo,7588,2333,0.3075
73349,Honda,24969,23679,0.9483
73352,Icononzo,12460,3844,0.3085
73408,Lérida,18483,13771,0.7451
73411,Líbano,37588,24141,0.6423
73443,Mariquita,40392,29747,0.7365
73449,Melgar,39472,32122,0.8138
73461,Murillo,4232,1821,0.4303
73483,Natagaima,15879,8866,0.5583
73504,Ortega,36466,7692,0.2109
73520,Palocabildo,10174,3213,0.3158
73547,Piedras,7477,2575,0.3444
73555,Planadas,27270,7757,0.2845
73563,Prado,8634,3871,0.4483
73585,Purificación,24120,13686,0.5674
73616,Rioblanco,24014,4430,0.1845
73622,Roncesvalles,5642,1956,0.3467
73624,Rovira,22356,10624,0.4752
73671,Saldaña,14797,8741,0.5907
73675,San Antonio,13336,4577,0.3432
73678,San Luis,14022,3992,0.2847
73686,Santa Isabel,5940,2261,0.3806
73770,Suárez,3924,1621,0.4131
73854,Valle de San Juan,5511,2208,0.4007
73861,Venadillo,13072,8928,0.683
73870,Villahermosa,9587,3524,0.3676
73873,Villarrica,5301,2049,0.3865
76001,Cali,2277296,2224562,0.9768
76020,Alcalá,14359,10727,0.7471
76036,Andalucía,24857,19771,0.7954
76041,Ansermanuevo,17879,10959,0.613
76054,Argelia,5524,3044,0.551
76100,Bolívar,16013,4960,0.3097
76109,Buenaventura,332054,259000,0.78
76111,Guadalajara de Buga,132303,114306,0.864
76113,Bugalagrande,25476,13792,0.5414
76122,Caicedonia,30193,25326,0.8388
76126,Calima,19313,12688,0.657
76130,Candelaria,113360,28611,0.2524
76147,Cartago,143613,139000,0.9679
76233,Dagua,58952,13230,0.2244
76243,El Águila,9208,2696,0.2928
76246,El Cairo,7026,3451,0.4912
76248,El Cerrito,56653,37032,0.6537
76250,El Dovio,9279,5993,0.6459
76275,Florida,57327,40982,0.7149
76306,Ginebra,24396,11689,0.4791
76318,Guacarí,34676,22130,0.6382
76364,Jamundí,193630,148130,0.765
76377,La Cumbre,18546,3801,0.2049
76400,La Unión,34778,28252,0.8124
76403,La Victoria,12723,9821,0.7719
76497,Obando,12595,9589,0.7613
76520,Palmira,380980,295944,0.7768
76563,Pradera,49973,44016,0.8808
76606,Restrepo,15994,10947,0.6844
76616,Riofrío,16173,8077,0.4994
76622,Roldanillo,38577,29926,0.7757
76670,San Pedro,17275,8364,0.4842
76736,Sevilla,44068,34152,0.775
76823,Toro,14964,10483,0.7005
76828,Trujillo,20019,9951,0.4971
76834,Tuluá,225236,186263,0.827
76845,Ulloa,5620,2670,0.4751
76863,Versalles,7441,4439,0.5966
76869,Vijes,14022,9134,0.6514
76890,Yotoco,16822,9147,0.5438
76892,Yumbo,115267,98535,0.8548
76895,Zarzal,43933,34007,0.7741
81001,Arauca,91017,78057,0.8576
81065,Arauquita,53636,14349,0.2675
81220,Cravo Norte,4162,2899,0.6965
81300,Fortul,20164,10846,0.5379
81591,Puerto Rondón,4692,3132,0.6675
81736,Saravena,59249,44489,0.7509
81794,Tame,46271,26852,0.5803
85001,Yopal,195600,168988,0.8639
85010,Aguazul,39364,29149,0.7405
85015,Chámeza,2695,1659,0.6156
85125,Hato Corozal,13153,6122,0.4654
85136,La Salina,1521,771,0.5069
85139,Maní,19764,13447,0.6804
85162,Monterrey,18955,13638,0.7195
85225,Nunchía,9398,2364,0.2515
85230,Orocué,14484,6741,0.4654
85250,Paz de Ariporo,38638,26783,0.6932
85263,Pore,13575,8176,0.6023
85279,Recetor,1738,356,0.2048
85300,Sabanalarga,3855,1978,0.5131
85315,Sácama,2122,1127,0.5311
85325,San Luis de Palenque,9035,3466,0.3836
85400,Támara,7331,1908,0.2603
85410,Tauramena,26170,16816,0.6426
85430,Trinidad,14109,7806,0.5533
85440,Villanueva,41658,31550,0.7574
86001,Mocoa,67093,47015,0.7007
86219,Colón,5827,3706,0.636
86320,Orito,39069,21002,0.5376
86568,Puerto Asís,72516,43743,0.6032
86569,Puerto Caicedo,17484,7037,0.4025
86571,Puerto Guzmán,42038,6159,0.1465
86573,Puerto Leguízamo,37304,16877,0.4524
86749,Sibundoy,16194,10866,0.671
86755,San Francisco,5660,3450,0.6095
86757,San Miguel,19661,5362,0.2727
86760,Santiago,7298,3551,0.4866
86865,Valle del Guamuez,34728,15831,0.4559
86885,Villagarzón,25870,15907,0.6149
88001,San Andrés,57118,43422,0.7602
88564,Providencia,6320,3796,0.6006
91001,Leticia,53670,38378,0.7151
91263,El Encanto (ANM),2225,0,
91405,La Chorrera (ANM),3156,0,
91407,La Pedrera (ANM),4097,0,
91430,La Victoria (ANM),682,0,
91460,Miriti - Paraná (ANM),2084,0,
91530,Puerto Alegría (ANM),795,0,
91536,Puerto Arica (ANM),1080,0,
91540,Puerto Nariño,11375,4453,0.3915
91669,Puerto Santander (ANM),1860,0,
91798,Tarapacá (ANM),4033,0,
94001,Inírida,39735,26396,0.6643
94343,Barrancominas,11709,1285,0.1097
94883,San Felipe (ANM),1968,0,
94884,Puerto Colombia (ANM),1983,0,
94885,La Guadalupe (ANM),319,0,
94886,Cacahual (ANM),914,0,
94887,Pana Pana (ANM),2011,0,
94888,Morichal (ANM),1067,0,
95001,San José del Guaviare,54434,37288,0.685
95015,Calamar,9885,4451,0.4503
95025,El Retorno,13292,3383,0.2545
95200,Miraflores,7085,1871,0.2641
97001,Mitú,32040,9361,0.2922
97161,Carurú,3030,1370,0.4521
97511,Pacoa (ANM),4279,0,
97666,Taraira,2918,1161,0.3979
97777,Papunahua (ANM),763,0,
97889,Yavaraté (ANM),1112,0,
99001,Puerto Carreño,24341,18374,0.7549
99524,La Primavera,10672,6407,0.6004
99624,Santa Rosalía,4170,2557,0.6132
99773,Cumaribo,109555,3815,0.0348
