muni_co,muni,dep_co,dep,votval,abelardo,ivan,paloma,votant
01004,ABEJORRAL,01,ANTIOQUIA,7472,4191,924,1635,7590
25004,ABREGO,25,NORTE DE SAN,13414,10215,1963,510,13529
52005,ACACIAS,52,META,57447,30711,17424,3765,59158
01007,ABRIAQUI,01,ANTIOQUIA,1077,592,102,319,1097
17004,ACANDI,17,CHOCO,4138,1887,1944,145,4201
05004,ACHI,05,BOLIVAR,7919,4658,2215,800,7992
19004,ACEVEDO,19,HUILA,12760,8820,2115,1145,12903
12075,AGUACHICA,12,CESAR,45830,27327,14388,1461,46530
19007,AGRADO,19,HUILA,4740,3022,1086,238,4795
27004,AGUADA,27,SANTANDER,876,563,110,175,882
46040,AGUAZUL,46,CASANARE,20581,11764,5718,1455,21094
09004,AGUADAS,09,CALDAS,10770,5965,1608,2250,11026
15004,AGUA DE DIOS,15,CUNDINAMARCA,5847,2712,2401,342,5940
12150,AGUSTIN CODAZZI,12,CESAR,25097,9641,13803,674,25399
19010,AIPE,19,HUILA,9162,4851,3058,690,9266
27007,ALBANIA,27,SANTANDER,2007,1217,396,323,2025
23004,ALBAN (SAN JOSE),23,NARIÑO,4437,1787,1674,734,4515
15007,ALBAN,15,CUNDINAMARCA,3376,1883,868,339,3421
23007,ALDANA,23,NARIÑO,4136,1135,2718,129,4206
31004,ALCALA,31,VALLE,6258,2833,2456,481,6412
01010,ALEJANDRIA,01,ANTIOQUIA,2724,1811,389,312,2760
48002,ALBANIA,48,LA GUAJIRA,9887,2387,7040,104,10030
21008,ALGARROBO,21,MAGDALENA,4913,978,3585,169,4953
19013,ALGECIRAS,19,HUILA,9438,5261,2710,748,9648
44002,ALBANIA,44,CAQUETA,2295,1420,594,103,2336
11004,ALMAGUER,11,CAUCA,7521,434,6708,169,7677
29004,ALPUJARRA,29,TOLIMA,2114,1153,407,465,2135
07007,ALMEIDA,07,BOYACA,990,641,235,52,1008
17006,ALTO BAUDO (PIE DE PATO),17,CHOCO,4964,146,4717,48,4985
19016,ALTAMIRA,19,HUILA,2007,1075,772,55,2020
01013,AMAGA,01,ANTIOQUIA,12966,6531,3882,1067,13229
29007,ALVARADO,29,TOLIMA,4699,2028,1935,507,4777
15010,ANAPOIMA,15,CUNDINAMARCA,8686,5012,2349,779,8775
23010,ANCUYA,23,NARIÑO,3846,526,3033,152,3881
01019,ANDES,01,ANTIOQUIA,17551,10148,2566,3583,17719
01022,ANGELOPOLIS,01,ANTIOQUIA,2899,1619,544,410,2955
31007,ANDALUCIA,31,VALLE,10811,3604,5969,541,10949
88120,ALEMANIA,88,CONSULADOS,11994,2500,5649,1464,12005
05006,ALTOS DEL ROSARIO,05,BOLIVAR,3193,1954,1104,36,3221
01025,ANGOSTURA,01,ANTIOQUIA,3478,1816,559,600,3667
01016,AMALFI,01,ANTIOQUIA,6657,4087,1140,572,6760
15013,ANOLAIMA,15,CUNDINAMARCA,7722,4389,1867,857,7811
09007,ANSERMA,09,CALDAS,15264,7569,3630,2440,15704
31010,ANSERMANUEVO,31,VALLE,8358,3422,2708,1561,8531
29010,AMBALEMA,29,TOLIMA,3372,1307,1623,292,3432
01028,ANORI,01,ANTIOQUIA,3758,1811,1275,215,3813
01031,ANTIOQUIA,01,ANTIOQUIA,12060,5907,3261,1673,12290
29013,ANZOATEGUI,29,TOLIMA,3838,2077,894,563,3893
01034,ANZA,01,ANTIOQUIA,2901,1811,400,463,2953
24008,APIA,24,RISARALDA,5513,2667,1292,974,5648
07008,AQUITANIA (PUEBLOVIEJO),07,BOYACA,7441,4882,1210,883,7555
15217,APULO,15,CUNDINAMARCA,4523,2622,1292,355,4585
21010,ARACATACA,21,MAGDALENA,12389,3955,7645,249,12494
09013,ARANZAZU,09,CALDAS,5859,2967,679,1190,6021
27010,ARATOCA,27,SANTANDER,4613,3154,867,372,4656
01035,APARTADO,01,ANTIOQUIA,54380,16661,32102,2067,54916
15016,ARBELAEZ,15,CUNDINAMARCA,6671,3750,1781,605,6728
23013,ARBOLEDA (BERRUECOS),23,NARIÑO,3310,1167,1711,276,3363
25007,ARBOLEDAS,25,NORTE DE SAN,4841,3650,377,603,4880
07010,ARCABUCO,07,BOYACA,3314,1718,1019,321,3367
11005,ARGELIA,11,CAUCA,15791,1575,12563,350,16688
31013,ARGELIA,31,VALLE,2729,1357,586,621,2772
21012,ARIGUANI (EL DIFICIL),21,MAGDALENA,11296,5232,5064,577,11450
40010,ARAUQUITA,40,ARAUCA,14270,4931,7671,501,14684
01037,ARBOLETES,01,ANTIOQUIA,9773,4837,4120,414,9852
40001,ARAUCA,40,ARAUCA,35371,22710,7194,2745,35855
88130,ARGELIA,88,CONSULADOS,8,2,2,0,8
88155,ARGENTINA,88,CONSULADOS,10356,3817,4499,908,10374
05007,ARJONA,05,BOLIVAR,26981,7380,17814,585,27341
05005,ARENAL,05,BOLIVAR,3002,1103,1723,62,3030
01039,ARGELIA,01,ANTIOQUIA,3164,1946,334,670,3202
01040,ARMENIA,01,ANTIOQUIA,2256,1311,400,399,2305
26001,ARMENIA,26,QUINDIO,169637,84364,53484,14209,171970
12170,ASTREA,12,CESAR,8743,4758,3664,116,8807
29019,ATACO,29,TOLIMA,7489,4326,1413,1341,7600
05009,ARROYO HONDO,05,BOLIVAR,3890,2650,982,123,3913
29016,ARMERO (GUAYABAL),29,TOLIMA,5668,2143,2853,329,5790
88160,ARUBA,88,CONSULADOS,3505,2377,773,203,3515
88165,AUSTRALIA,88,CONSULADOS,20274,6933,8565,1431,20296
13004,AYAPEL,13,CORDOBA,14331,6836,6663,323,14456
17007,BAGADO,17,CHOCO,2843,289,2410,58,2868
17008,BAHIA SOLANO (MUTIS),17,CHOCO,3623,655,2722,117,3669
17010,BAJO BAUDO (PIZARRO),17,CHOCO,3968,263,3409,158,4038
11006,BALBOA,11,CAUCA,13864,1470,10892,433,14522
24013,BALBOA,24,RISARALDA,2968,1410,978,312,3040
01043,BARBOSA,01,ANTIOQUIA,23983,11617,6929,2731,24555
52006,BARRANCA DE UPIA,52,META,3611,1818,1226,280,3711
19019,BARAYA,19,HUILA,3275,2084,802,232,3392
27016,BARICHARA,27,SANTANDER,5539,3554,1157,412,5594
88170,AUSTRIA,88,CONSULADOS,1640,416,802,161,1640
88135,AZERBAIYAN,88,CONSULADOS,22,3,11,4,22
03004,BARANOA,03,ATLANTICO,29255,9686,17979,477,29388
23016,BARBACOAS,23,NARIÑO,7919,873,6204,309,8127
03001,BARRANQUILLA,03,ATLANTICO,598064,272331,281123,11466,601596
27019,BARRANCABERMEJA,27,SANTANDER,119407,38355,69511,3546,121378
48004,BARRANCAS,48,LA GUAJIRA,12190,3419,8124,281,12260
05010,BARRANCO DE LOBA,05,BOLIVAR,5273,3084,1917,107,5326
50070,BARRANCOMINAS,50,GUAINIA,1700,124,1457,15,1724
09022,BELALCAZAR,09,CALDAS,5229,1930,1331,1158,5331
12180,BECERRIL,12,CESAR,9147,3328,5299,153,9240
07013,BELEN,07,BOYACA,4496,2430,1222,463,4556
27013,BARBOSA,27,SANTANDER,16943,9002,5605,1278,17154
23017,BELEN,23,NARIÑO,3085,786,1828,240,3127
44004,BELEN DE LOS ANDAQUIES,44,CAQUETA,4239,2490,1287,180,4336
24021,BELEN DE UMBRIA,24,RISARALDA,11159,5737,2824,1534,11471
15019,BELTRAN,15,CUNDINAMARCA,1175,673,408,51,1192
01052,BETANIA,01,ANTIOQUIA,3617,2365,494,477,3661
07016,BERBEO,07,BOYACA,905,460,335,58,914
27022,BETULIA,27,SANTANDER,2703,1695,518,264,2746
01055,BETULIA,01,ANTIOQUIA,5591,3581,605,960,5703
88190,BELGICA,88,CONSULADOS,2655,801,1161,350,2656
01049,BELLO,01,ANTIOQUIA,225626,116690,63055,18571,228294
01046,BELMIRA,01,ANTIOQUIA,2729,1611,351,448,2771
16001,BOGOTA. D.C.,16,BOGOTA D.C.,4094508,1543517,1706249,372142,4130084
15022,BITUIMA,15,CUNDINAMARCA,1701,1079,352,171,1718
07019,BETEITIVA,07,BOYACA,1216,658,376,105,1225
25010,BOCHALEMA,25,NORTE DE SAN,5067,3973,569,235,5096
07022,BOAVITA,07,BOYACA,2686,1704,548,286,2713
17011,BOJAYA (BELLAVISTA),17,CHOCO,3149,153,2854,95,3169
01058,BOLIVAR,01,ANTIOQUIA,11749,7523,1642,1791,11908
27025,BOLIVAR,27,SANTANDER,4365,2487,1140,552,4421
11007,BOLIVAR,11,CAUCA,17799,1848,14031,1021,18423
15025,BOJACA,15,CUNDINAMARCA,5406,2056,2473,368,5605
31016,BOLIVAR,31,VALLE,7165,3376,2275,1105,7251
88215,BOLIVIA,88,CONSULADOS,644,439,125,39,645
12200,BOSCONIA,12,CESAR,16232,6307,9008,310,16550
07025,BOYACA,07,BOYACA,2413,1438,673,153,2446
01062,BRICEÑO,01,ANTIOQUIA,1816,1022,437,131,1888
07028,BRICEÑO,07,BOYACA,1431,1048,192,118,1439
25013,BUCARASICA,25,NORTE DE SAN,2713,2346,124,118,2740
07031,BUENAVISTA,07,BOYACA,3089,2257,486,231,3120
31019,BUENAVENTURA,31,VALLE,89716,10788,72065,3296,91352
88220,BRASIL,88,CONSULADOS,4159,1418,1895,440,4170
27001,BUCARAMANGA,27,SANTANDER,341323,198332,91324,19709,343539
13007,BUENAVISTA,13,CORDOBA,9028,2602,6031,88,9116
26005,BUENAVISTA,26,QUINDIO,1528,815,472,148,1550
28010,BUENAVISTA,28,SUCRE,5201,2188,2625,252,5233
11010,BUENOS AIRES,11,CAUCA,11033,2982,6162,657,12110
68013,BUENOS AIRES (PACOA),68,VAUPES,353,7,330,3,356
31022,BUGA,31,VALLE,64729,20612,36630,2694,65520
31025,BUGALAGRANDE,31,VALLE,11935,3123,7580,569,12077
01061,BURITICA,01,ANTIOQUIA,3470,1749,1075,360,3527
17002,ATRATO (YUTO),17,CHOCO,3688,543,2881,86,3765
27028,CABRERA,27,SANTANDER,1176,853,103,187,1182
15029,CABRERA,15,CUNDINAMARCA,1976,615,1203,75,2002
23019,BUESACO,23,NARIÑO,10602,3965,5091,881,10801
07034,BUSBANZA,07,BOYACA,682,404,169,68,687
01064,CACERES,01,ANTIOQUIA,6365,2099,3635,197,6491
52008,CABUYARO,52,META,4160,2468,1065,280,4255
25019,CACHIRA,25,NORTE DE SAN,4653,3885,342,295,4677
31028,CAICEDONIA,31,VALLE,13933,6695,4478,1681,14286
25016,CACOTA,25,NORTE DE SAN,1577,1226,178,84,1594
28020,CAIMITO,28,SUCRE,5680,1518,3843,174,5717
01067,CAICEDO,01,ANTIOQUIA,3008,1363,493,832,3096
15030,CACHIPAY,15,CUNDINAMARCA,6433,3574,1716,680,6511
11013,CAJIBIO,11,CAUCA,14475,3440,8348,1397,15223
50073,CACAHUAL,50,GUAINIA,41,4,31,1,41
15031,CAJICA,15,CUNDINAMARCA,53287,25420,16176,5160,53818
05013,CALAMAR,05,BOLIVAR,8118,4103,3427,297,8234
54003,CALAMAR,54,GUAVIARE,3080,1198,1434,122,3161
26010,CALARCA,26,QUINDIO,36603,17276,11800,3976,37418
01070,CALDAS,01,ANTIOQUIA,46595,22385,13435,4339,47528
29022,CAJAMARCA,29,TOLIMA,8884,4531,2900,796,9059
07037,CALDAS,07,BOYACA,1920,1193,434,178,1937
27031,CALIFORNIA,27,SANTANDER,1266,908,191,87,1277
31040,CALIMA (DARIEN),31,VALLE,8344,3579,3637,474,8513
11016,CALDONO,11,CAUCA,17127,1831,13997,639,17512
31001,CALI,31,VALLE,1053010,371718,541270,56344,1063418
88250,CANADA,88,CONSULADOS,42006,21109,11879,4353,42038
11019,CALOTO,11,CAUCA,14717,2194,11285,587,15024
19022,CAMPOALEGRE,19,HUILA,15201,7645,5665,899,15578
07040,CAMPOHERMOSO,07,BOYACA,1395,1060,195,81,1404
31031,CANDELARIA,31,VALLE,54085,11821,36468,2378,54990
13009,CANALETE,13,CORDOBA,8104,2822,4934,130,8167
03007,CAMPO DE LA CRUZ,03,ATLANTICO,8464,4989,2878,355,8526
03010,CANDELARIA,03,ATLANTICO,5710,3401,1964,160,5753
05014,CANTAGALLO,05,BOLIVAR,4539,1781,2519,64,4571
27034,CAPITANEJO,27,SANTANDER,2932,2146,402,261,2957
01078,CARACOLI,01,ANTIOQUIA,1965,1129,445,248,1991
15037,CAQUEZA,15,CUNDINAMARCA,9789,5809,2764,491,9951
27037,CARCASI,27,SANTANDER,2044,1610,163,166,2057
01079,CARAMANTA,01,ANTIOQUIA,2385,1168,387,659,2420
15034,CAPARRAPI,15,CUNDINAMARCA,5614,4269,715,359,5678
01080,CAREPA,01,ANTIOQUIA,22103,7089,12538,1009,22386
15040,CARMEN DE CARUPA,15,CUNDINAMARCA,3957,2448,693,462,4022
17015,CARMEN DEL DARIEN,17,CHOCO,4157,478,3436,103,4205
01085,CAROLINA,01,ANTIOQUIA,2365,1350,483,322,2402
01082,CARMEN DE VIBORAL,01,ANTIOQUIA,34268,19259,7719,3180,34724
44003,CARTAGENA DEL CHAIRA,44,CAQUETA,12795,3953,6593,499,13436
31034,CARTAGO,31,VALLE,65738,30265,24806,4669,66940
68004,CARURU,68,VAUPES,535,57,413,24,541
29025,CARMEN DE APICALA,29,TOLIMA,6174,3222,1592,948,6242
05001,CARTAGENA,05,BOLIVAR,418110,142674,239504,10912,420599
01088,CAUCASIA,01,ANTIOQUIA,37015,14390,18877,1065,37632
01076,CAÑASGORDAS,01,ANTIOQUIA,7497,4258,1044,1777,7586
52010,CASTILLA LA NUEVA,52,META,9888,5026,3122,763,10159
27040,CEPITA,27,SANTANDER,1356,989,195,123,1358
07043,CERINZA,07,BOYACA,2307,974,785,316,2352
27043,CERRITO,27,SANTANDER,3313,2366,475,285,3348
17014,CERTEGUI,17,CHOCO,2065,282,1520,132,2110
23038,CHACHAGUI,23,NARIÑO,7929,1807,5575,242,8027
21013,CERRO DE SAN ANTONIO,21,MAGDALENA,3270,1769,1312,114,3299
15052,CHAGUANI,15,CUNDINAMARCA,2291,1522,412,235,2308
46120,CHAMEZA,46,CASANARE,1261,835,267,88,1269
01073,CAMPAMENTO,01,ANTIOQUIA,2031,1131,426,220,2074
29028,CASABIANCA,29,TOLIMA,2799,1462,597,493,2856
27064,CHARTA,27,SANTANDER,2377,1587,264,411,2382
15055,CHIA,15,CUNDINAMARCA,94808,47983,26293,8934,95544
27061,CHARALA,27,SANTANDER,6729,4201,1387,713,6792
27067,CHIMA,27,SANTANDER,1620,1052,207,284,1639
13010,CERETE,13,CORDOBA,44476,14984,26771,991,44885
28045,CHALAN,28,SUCRE,2516,1025,1267,130,2535
01106,CHIGORODO,01,ANTIOQUIA,24344,8393,13171,965,24689
13016,CHIMA,13,CORDOBA,7090,2923,3737,300,7125
29040,CHAPARRAL,29,TOLIMA,18909,9146,6450,2001,19268
88305,CHILE,88,CONSULADOS,18233,7897,7341,1558,18348
12300,CHIMICHAGUA,12,CESAR,11657,6143,4827,279,11756
07064,CHINAVITA,07,BOYACA,1914,1355,353,132,1925
09034,CHINCHINA,09,CALDAS,26429,11936,8441,2991,27154
25028,CHINACOTA,25,NORTE DE SAN,9971,7401,1455,471,10058
88315,CHINA REPUBLICA POPULAR,88,CONSULADOS,720,300,226,99,720
13019,CHINU,13,CORDOBA,23683,11401,9086,2346,23972
15058,CHIPAQUE,15,CUNDINAMARCA,5781,3497,1552,310,5866
07067,CHIQUINQUIRA,07,BOYACA,29018,15041,9233,2278,29399
27070,CHIPATA,27,SANTANDER,2169,1288,558,205,2201
12375,CHIRIGUANA,12,CESAR,11396,4190,6579,248,11513
07068,CHIQUIZA,07,BOYACA,2383,1480,689,93,2410
07070,CHISCAS,07,BOYACA,1584,1152,209,162,1592
07073,CHITA,07,BOYACA,3201,2402,520,165,3235
07076,CHITARAQUE,07,BOYACA,2905,2043,452,267,2922
25031,CHITAGA,25,NORTE DE SAN,5414,4114,480,457,5478
07077,CHIVATA,07,BOYACA,2245,1067,659,302,2268
21015,CHIVOLO,21,MAGDALENA,6882,3685,2873,92,6929
07078,CHIVOR,07,BOYACA,1132,936,114,41,1140
15061,CHOACHI,15,CUNDINAMARCA,8443,5595,1695,609,8512
15064,CHOCONTA,15,CUNDINAMARCA,11108,6416,2791,769,11344
05015,CICUCO,05,BOLIVAR,4756,1539,2873,193,4809
21016,CIENAGA,21,MAGDALENA,43313,14136,25967,1104,43832
07046,CIENEGA,07,BOYACA,2407,1772,280,216,2428
26020,CIRCASIA,26,QUINDIO,15121,7608,4582,1591,15389
27045,CIMITARRA,27,SANTANDER,15118,8256,4749,1131,15492
05018,CLEMENCIA,05,BOLIVAR,5613,1831,3422,128,5674
01091,CISNEROS,01,ANTIOQUIA,6579,3523,1639,758,6693
13013,CIENAGA DE ORO,13,CORDOBA,26400,6537,18890,352,26593
29031,COELLO,29,TOLIMA,4917,1926,2446,337,4984
15043,COGUA,15,CUNDINAMARCA,12624,5245,4940,965,12868
01094,COCORNA,01,ANTIOQUIA,8669,5912,1017,1115,8811
19028,COLOMBIA,19,HUILA,3495,2382,604,334,3518
23022,COLON (GENOVA),23,NARIÑO,3646,704,2515,189,3754
64007,COLON,64,PUTUMAYO,2848,663,1878,184,2870
28030,COLOSO (RICAURTE),28,SUCRE,4338,1440,2548,199,4384
07049,COMBITA,07,BOYACA,6000,2554,2125,748,6074
01097,CONCEPCION,01,ANTIOQUIA,2720,1902,278,342,2761
01100,CONCORDIA,01,ANTIOQUIA,6764,4234,901,1054,6872
27046,CONCEPCION,27,SANTANDER,3074,2063,497,362,3099
21020,CONCORDIA,21,MAGDALENA,4389,1702,2414,134,4418
17013,CONDOTO,17,CHOCO,4116,515,3216,190,4240
23025,CONSACA,23,NARIÑO,5519,1500,3385,314,5629
27049,CONFINES,27,SANTANDER,1899,1450,164,217,1906
25022,CONVENCION,25,NORTE DE SAN,6290,3082,2594,197,6391
23028,CONTADERO,23,NARIÑO,3770,1140,2331,153,3804
27052,CONTRATACION,27,SANTANDER,1832,1199,400,161,1854
07052,COPER,07,BOYACA,1788,1424,222,79,1798
05016,CORDOBA,05,BOLIVAR,7269,2778,4175,129,7321
23031,CORDOBA,23,NARIÑO,6523,887,5158,207,6586
26025,CORDOBA,26,QUINDIO,2936,1305,1134,303,2990
01103,COPACABANA,01,ANTIOQUIA,45747,23129,13240,3660,46373
88275,COREA DEL SUR,88,CONSULADOS,252,96,82,34,252
11022,CORINTO,11,CAUCA,12983,1927,10040,432,13201
27055,COROMORO,27,SANTANDER,2834,2162,297,258,2852
07055,CORRALES,07,BOYACA,1722,931,524,135,1735
15046,COTA,15,CUNDINAMARCA,22540,11715,6260,2119,22726
13014,COTORRA (BONGO),13,CORDOBA,8968,3216,5000,551,9024
07058,COVARACHIA,07,BOYACA,1869,1467,195,155,1879
88285,COSTA RICA,88,CONSULADOS,5702,3788,1060,495,5712
29034,COYAIMA,29,TOLIMA,9864,3302,5245,905,10056
28040,COROZAL,28,SUCRE,30942,11441,17816,649,31177
15049,CUCUNUBA,15,CUNDINAMARCA,3961,2804,509,386,4015
07059,CUBARA,07,BOYACA,2979,1051,1679,75,3042
23034,CUASPUD (CARLOSAMA),23,NARIÑO,4548,951,3250,137,4646
07060,CUCAITA,07,BOYACA,2190,985,838,210,2212
07061,CUITIVA,07,BOYACA,1098,573,284,175,1108
25025,CUCUTILLA,25,NORTE DE SAN,4329,3403,340,379,4376
72006,CUMARIBO,72,VICHADA,7756,1230,6066,132,7857
28041,COVEÑAS,28,SUCRE,8320,2834,4328,836,8388
40015,CRAVO NORTE,40,ARAUCA,1333,976,242,49,1350
52015,CUBARRAL,52,META,3904,2654,740,320,3933
25001,CUCUTA,25,NORTE DE SAN,370744,267412,56294,17339,373636
88290,CUBA,88,CONSULADOS,606,120,449,14,608
52020,CUMARAL,52,META,13168,7338,3842,988,13359
23037,CUMBAL,23,NARIÑO,16111,2485,12532,494,16288
23039,CUMBITARA,23,NARIÑO,4986,378,4107,89,5163
29037,CUNDAY,29,TOLIMA,3878,2312,730,690,3913
44012,CURILLO,44,CAQUETA,2851,1475,988,145,2910
12225,CURUMANI,12,CESAR,15356,6565,7793,300,15623
27058,CURITI,27,SANTANDER,7604,4951,1629,617,7674
01109,DABEIBA,01,ANTIOQUIA,7702,3711,2923,511,7842
31037,DAGUA,31,VALLE,19279,7193,9228,1613,19601
48005,DIBULLA,48,LA GUAJIRA,8789,2752,5527,150,8879
48008,DISTRACCION,48,LA GUAJIRA,4948,1959,2764,80,4985
29043,DOLORES,29,TOLIMA,3904,2544,784,404,3946
07079,DUITAMA,07,BOYACA,69312,29238,27239,5477,70029
25034,DURANIA,25,NORTE DE SAN,3030,2251,311,297,3050
01112,DON MATIAS,01,ANTIOQUIA,9737,6501,1263,999,9894
01115,EBEJICO,01,ANTIOQUIA,5542,3233,946,932,5640
31043,EL AGUILA,31,VALLE,3696,1927,717,762,3765
88140,CURAZAO,88,CONSULADOS,1184,801,293,38,1191
88325,DINAMARCA,88,CONSULADOS,664,123,304,103,665
24025,DOSQUEBRADAS,24,RISARALDA,107908,46881,40698,8388,109892
88330,ECUADOR,88,CONSULADOS,9228,5035,2505,1008,9367
01117,EL BAGRE,01,ANTIOQUIA,13496,5608,6230,507,13919
21025,EL BANCO,21,MAGDALENA,22356,11876,9117,610,22571
52025,EL CALVARIO,52,META,769,527,87,111,774
31046,EL CAIRO,31,VALLE,2784,1311,739,512,2842
88335,EGIPTO,88,CONSULADOS,161,91,38,14,161
17017,EL CANTON DEL SAN PABLO (MAN.,17,CHOCO,2281,406,1709,48,2347
25037,EL CARMEN,25,NORTE DE SAN,5179,3372,1468,104,5230
27071,EL CARMEN,27,SANTANDER,7881,6433,662,455,7952
52027,EL CASTILLO,52,META,3401,1496,1529,158,3468
17016,EL CARMEN,17,CHOCO,3810,1862,1376,290,3874
05022,EL CARMEN DE BOLIVAR,05,BOLIVAR,27586,14641,10555,1390,27903
31049,EL CERRITO,31,VALLE,31177,7562,20795,1185,31582
23041,EL CHARCO,23,NARIÑO,7383,621,6318,128,7545
07082,EL COCUY,07,BOYACA,1809,1270,271,164,1845
15067,EL COLEGIO,15,CUNDINAMARCA,14917,7349,5011,1453,15091
12410,EL COPEY,12,CESAR,12154,4103,7212,364,12292
44005,EL DONCELLO,44,CAQUETA,8099,4301,2624,424,8280
52028,EL DORADO,52,META,2564,1652,547,253,2601
31052,EL DOVIO,31,VALLE,5161,2646,1627,380,5289
60010,EL ENCANTO,60,AMAZONAS,270,37,216,8,271
27073,EL GUACAMAYO,27,SANTANDER,976,504,76,369,982
05025,EL GUAMO,05,BOLIVAR,3395,1784,1458,56,3428
07085,EL ESPINO,07,BOYACA,1325,916,154,210,1334
17038,EL LITORAL DEL SAN JUAN,17,CHOCO,4328,95,4179,4,4365
48006,EL MOLINO,48,LA GUAJIRA,4233,1926,2114,73,4285
12415,EL PASO,12,CESAR,16047,4907,10256,299,16240
44006,EL PAUJIL,44,CAQUETA,5764,2531,2492,287,5899
23044,EL PEÑOL,23,NARIÑO,3946,1055,2600,91,4035
05027,EL PEÑON,05,BOLIVAR,2736,1343,1257,67,2762
15070,EL PEÑON,15,CUNDINAMARCA,2490,1810,327,246,2505
21028,EL PIÑON,21,MAGDALENA,5807,2480,2868,303,5849
27074,EL PLAYON,27,SANTANDER,7470,5301,1308,452,7564
27075,EL PEÑON,27,SANTANDER,1927,1319,327,197,1945
21030,EL RETEN,21,MAGDALENA,6874,1257,5223,83,6939
54007,EL RETORNO,54,GUAVIARE,4593,2609,1305,266,4703
23040,EL ROSARIO,23,NARIÑO,4383,475,3564,92,4490
28042,EL ROBLE,28,SUCRE,5621,1659,3729,135,5660
15072,EL ROSAL,15,CUNDINAMARCA,14753,6554,5587,1084,15304
23043,EL TABLON,23,NARIÑO,6579,2024,3836,390,6642
11025,EL TAMBO,11,CAUCA,27492,5627,16637,2155,29758
19031,ELIAS,19,HUILA,2289,1482,508,162,2310
27079,ENCISO,27,SANTANDER,2203,1566,303,246,2219
25038,EL ZULIA,25,NORTE DE SAN,14826,11657,1716,530,14983
27076,ENCINO,27,SANTANDER,1340,1087,87,119,1346
01121,ENVIGADO,01,ANTIOQUIA,163223,106750,23934,14875,164295
88340,EL SALVADOR,88,CONSULADOS,441,279,60,57,441
25036,EL TARRA,25,NORTE DE SAN,6398,1275,4640,71,6512
23046,EL TAMBO,23,NARIÑO,7621,2594,4105,480,7791
88350,EMIRATOS ARABES UNIDOS,88,CONSULADOS,2539,1664,446,225,2542
88355,ESPAÑA,88,CONSULADOS,127207,51858,54162,11073,127637
01118,ENTRERRIOS,01,ANTIOQUIA,5771,3765,775,542,5842
29049,FALAN,29,TOLIMA,3419,1518,1268,381,3497
09037,FILADELFIA,09,CALDAS,4588,2313,744,757,4715
26030,FILANDIA,26,QUINDIO,6157,3340,1496,747,6292
07088,FIRAVITOBA,07,BOYACA,3550,1461,1384,367,3595
88360,ESTADOS UNIDOS,88,CONSULADOS,215917,155816,32324,17507,216105
15076,FACATATIVA,15,CUNDINAMARCA,72672,24970,34701,5110,74627
29046,ESPINAL,29,TOLIMA,38838,17320,13830,4686,39568
88375,FINLANDIA,88,CONSULADOS,302,70,141,40,302
11027,FLORENCIA,11,CAUCA,3309,585,1989,465,3435
44001,FLORENCIA,44,CAQUETA,78308,41108,26756,4237,79329
07091,FLORESTA,07,BOYACA,2431,1578,485,218,2446
31055,FLORIDA,31,VALLE,31380,6025,22399,1427,31818
48007,FONSECA,48,LA GUAJIRA,15065,4835,9393,293,15163
15079,FOMEQUE,15,CUNDINAMARCA,6723,4786,991,601,6771
29052,FLANDES,29,TOLIMA,11934,5385,4797,1010,12153
27082,FLORIDABLANCA,27,SANTANDER,156443,90033,42163,9691,157563
40017,FORTUL,40,ARAUCA,6189,1628,3869,228,6393
15085,FOSCA,15,CUNDINAMARCA,3493,2487,765,118,3502
27080,FLORIAN,27,SANTANDER,3129,1684,888,441,3150
88380,FRANCIA,88,CONSULADOS,14259,3607,6699,1670,14271
23047,FRANCISCO PIZARRO (SALAHONDA),23,NARIÑO,3066,154,2781,49,3104
01124,FREDONIA,01,ANTIOQUIA,8694,4536,2065,1355,8864
01127,FRONTINO,01,ANTIOQUIA,6547,3173,2033,762,6669
52030,FUENTE DE ORO,52,META,5758,3214,1842,301,5889
21031,FUNDACION,21,MAGDALENA,24474,11406,11518,577,24745
15088,FUNZA,15,CUNDINAMARCA,58361,22662,25293,3808,59358
23049,FUNES,23,NARIÑO,3567,624,2138,720,3600
29055,FRESNO,29,TOLIMA,14297,6891,3561,2412,14631
15091,FUQUENE,15,CUNDINAMARCA,2962,1637,825,255,3018
15097,GACHALA,15,CUNDINAMARCA,2715,1644,712,194,2749
15100,GACHANCIPA,15,CUNDINAMARCA,9510,3201,4679,600,9743
07094,GACHANTIVA,07,BOYACA,1813,1176,368,186,1847
15103,GACHETA,15,CUNDINAMARCA,5197,3018,1284,495,5268
28048,GALERAS (NUEVA GRANADA),28,SUCRE,9204,5446,2842,534,9320
27085,GALAN,27,SANTANDER,1758,1329,193,189,1765
15106,GAMA,15,CUNDINAMARCA,1944,1330,378,111,1964
12450,GAMARRA,12,CESAR,6245,3580,2163,269,6283
27088,GAMBITA,27,SANTANDER,2242,1617,324,210,2267
19034,GARZON,19,HUILA,36725,21897,10038,2277,37216
07097,GAMEZA,07,BOYACA,2520,1791,387,202,2543
26040,GENOVA,26,QUINDIO,3719,1856,1028,532,3822
15109,GIRARDOT,15,CUNDINAMARCA,55222,26476,21283,3470,56007
01130,GIRALDO,01,ANTIOQUIA,2836,1446,876,305,2869
19037,GIGANTE,19,HUILA,11851,7006,3264,837,12022
03013,GALAPA,03,ATLANTICO,22189,6432,14528,327,22326
88115,GHANA,88,CONSULADOS,45,16,21,4,45
07100,GARAGOA,07,BOYACA,8186,4280,2534,601,8295
31058,GINEBRA,31,VALLE,11030,3920,5636,774,11195
01133,GIRARDOTA,01,ANTIOQUIA,31629,16081,8511,2840,32202
27091,GIRON,27,SANTANDER,85826,48682,25499,4036,86634
25040,GRAMALOTE,25,NORTE DE SAN,3666,2923,277,294,3685
01136,GOMEZ PLATA,01,ANTIOQUIA,4655,2944,691,520,4741
15132,GRANADA,15,CUNDINAMARCA,4434,2030,1785,297,4505
52035,GRANADA,52,META,35468,19393,11123,2036,36192
27094,GUACA,27,SANTANDER,3195,2438,386,261,3220
07103,GUACAMAYAS,07,BOYACA,875,593,151,93,885
31061,GUACARI,31,VALLE,17574,3866,11944,868,17813
11029,GUACHENE,11,CAUCA,9841,1082,7861,450,10123
23052,GUACHUCAL,23,NARIÑO,9787,1879,7263,293,9905
01140,GUADALUPE,01,ANTIOQUIA,2252,1028,823,168,2303
12525,GONZALEZ,12,CESAR,2421,1539,624,98,2445
27097,GUADALUPE,27,SANTANDER,2846,1976,317,442,2862
19040,GUADALUPE,19,HUILA,8048,5302,1650,501,8156
23055,GUAITARILLA,23,NARIÑO,6238,906,4863,261,6316
23058,GUALMATAN,23,NARIÑO,3499,1014,2183,85,3547
15115,GUADUAS,15,CUNDINAMARCA,13945,8064,4030,881,14150
01139,GRANADA,01,ANTIOQUIA,5906,4553,589,410,5971
15112,GUACHETA,15,CUNDINAMARCA,6140,3635,1187,702,6271
21040,GUAMAL,21,MAGDALENA,10333,5965,3756,285,10388
11028,GUAPI,11,CAUCA,7381,343,6723,126,7481
52040,GUAMAL,52,META,10270,6331,2443,680,10453
29058,GUAMO,29,TOLIMA,15257,7665,4125,2486,15540
15118,GUASCA,15,CUNDINAMARCA,8587,3822,2859,940,8865
28049,GUARANDA,28,SUCRE,6020,3616,1900,315,6063
01142,GUARNE,01,ANTIOQUIA,31950,18974,6465,2980,32368
01145,GUATAPE,01,ANTIOQUIA,5941,3883,799,794,5982
15124,GUATAVITA,15,CUNDINAMARCA,4094,2422,851,366,4155
15121,GUATAQUI,15,CUNDINAMARCA,1344,754,499,46,1359
88410,GUATEMALA,88,CONSULADOS,1307,932,138,133,1308
07106,GUATEQUE,07,BOYACA,5673,2901,1827,519,5748
24029,GUATICA,24,RISARALDA,5760,2805,1532,908,5912
27103,GUAVATA,27,SANTANDER,2571,1264,841,365,2596
15094,FUSAGASUGA,15,CUNDINAMARCA,82659,41650,27302,6593,83641
15128,GUAYABETAL,15,CUNDINAMARCA,3064,2080,671,135,3106
07109,GUAYATA,07,BOYACA,2432,1748,378,199,2454
27106,GUEPSA,27,SANTANDER,2337,1353,722,129,2384
15130,GUTIERREZ,15,CUNDINAMARCA,1990,1636,210,69,1998
88430,HAITI,88,CONSULADOS,14,3,8,1,14
07112,GUICAN,07,BOYACA,1615,812,590,118,1644
25043,HACARI,25,NORTE DE SAN,3212,955,2076,37,3259
46320,HATO COROZAL,46,CASANARE,4761,3410,806,340,4808
27109,HATO,27,SANTANDER,1417,952,263,124,1434
05026,HATILLO DE LOBA,05,BOLIVAR,5159,3349,1534,162,5187
48009,HATONUEVO,48,LA GUAJIRA,7214,1844,5031,99,7266
01148,HELICONIA,01,ANTIOQUIA,2867,1471,588,565,2924
01150,HISPANIA,01,ANTIOQUIA,2593,1620,476,267,2620
19043,HOBO,19,HUILA,3513,1901,1153,198,3568
88440,HONDURAS,88,CONSULADOS,313,200,47,46,313
29061,HERVEO,29,TOLIMA,2933,1704,592,403,2994
88445,HUNGRIA,88,CONSULADOS,246,54,106,31,246
29067,ICONONZO,29,TOLIMA,5384,2109,2414,545,5450
25046,HERRAN,25,NORTE DE SAN,1815,1540,76,120,1825
27100,GUAPOTA,27,SANTANDER,1345,941,115,253,1353
29064,HONDA,29,TOLIMA,12907,5405,5755,987,13122
29001,IBAGUE,29,TOLIMA,304909,141360,109574,27755,309213
23061,ILES,23,NARIÑO,3933,912,2732,120,3994
23064,IMUES,23,NARIÑO,4014,993,2642,191,4045
88455,INDIA,88,CONSULADOS,32,12,9,3,32
88460,INDONESIA,88,CONSULADOS,35,11,8,13,35
88465,INGLATERRA,88,CONSULADOS,11638,5175,3788,1622,11654
23067,IPIALES,23,NARIÑO,56243,14914,35198,2499,57283
19046,IQUIRA,19,HUILA,4681,2119,1937,373,4744
88470,IRLANDA,88,CONSULADOS,603,171,247,94,603
19044,ISNOS,19,HUILA,13164,6223,5078,839,13431
11031,INZA,11,CAUCA,11172,1714,8483,534,11346
50001,INIRIDA,50,GUAINIA,9524,3351,4926,598,9623
15127,GUAYABAL DE SIQUIMA,15,CUNDINAMARCA,3045,1730,755,341,3085
88490,ISRAEL,88,CONSULADOS,895,728,92,44,897
88495,ITALIA,88,CONSULADOS,8437,3087,3313,851,8452
17019,ISTMINA,17,CHOCO,8367,1230,6263,365,8547
01154,ITUANGO,01,ANTIOQUIA,4736,2001,1547,474,4928
11034,JAMBALO,11,CAUCA,8010,190,7658,46,8126
88500,JAMAICA,88,CONSULADOS,140,82,39,15,140
07118,IZA,07,BOYACA,1446,826,373,144,1460
88505,JAPON,88,CONSULADOS,525,227,182,48,526
31064,JAMUNDI,31,VALLE,80922,25922,45076,3693,82296
01151,ITAGUI,01,ANTIOQUIA,161696,90656,39461,12156,163596
01160,JERICO,01,ANTIOQUIA,6894,4143,1228,978,7001
01157,JARDIN,01,ANTIOQUIA,8530,4799,1918,1129,8601
07121,JENESANO,07,BOYACA,3843,2441,992,195,3885
15133,JERUSALEN,15,CUNDINAMARCA,1578,953,415,147,1586
27112,JESUS MARIA,27,SANTANDER,1786,898,576,241,1817
07124,JERICO,07,BOYACA,1779,1422,166,132,1808
27115,JORDAN,27,SANTANDER,996,717,105,136,1015
15136,JUNIN,15,CUNDINAMARCA,3336,2193,737,189,3383
17022,JURADO,17,CHOCO,1441,152,1224,14,1451
88515,KENIA,88,CONSULADOS,68,16,25,15,68
03016,JUAN DE ACOSTA,03,ATLANTICO,9355,5145,3605,168,9398
19047,LA ARGENTINA (PLATA VIEJA),19,HUILA,6863,3918,2210,332,6975
13020,LA APARTADA (FRONTERA),13,CORDOBA,6040,1489,4263,82,6097
15139,LA CALERA,15,CUNDINAMARCA,18082,7725,6218,1961,18287
27119,LA BELLEZA,27,SANTANDER,3305,2304,374,500,3325
07130,LA CAPILLA,07,BOYACA,1546,1018,315,118,1559
01163,LA CEJA,01,ANTIOQUIA,46228,27398,8622,4425,46829
23073,LA CRUZ,23,NARIÑO,8535,2226,5416,468,8673
60013,LA CHORRERA,60,AMAZONAS,585,25,544,12,587
24038,LA CELIA,24,RISARALDA,3486,1806,896,521,3567
09049,LA DORADA,09,CALDAS,30571,13888,11685,2119,31577
01166,LA ESTRELLA,01,ANTIOQUIA,42053,22579,10269,4111,42562
31067,LA CUMBRE,31,VALLE,7990,2973,3864,663,8090
25051,LA ESPERANZA,25,NORTE DE SAN,5625,3797,1232,193,5690
23076,LA FLORIDA,23,NARIÑO,5967,1386,4156,204,6027
12600,LA GLORIA,12,CESAR,6929,3945,2684,88,7003
12608,LA JAGUA DE IBIRICO,12,CESAR,16517,5998,9472,296,16783
23077,LA LLANADA,23,NARIÑO,2504,984,1259,79,2567
48012,LA JAGUA DEL PILAR,48,LA GUAJIRA,2556,992,1435,43,2586
50078,LA GUADALUPE,50,GUAINIA,63,24,25,5,63
09052,LA MERCED,09,CALDAS,2808,1233,657,534,2862
52041,LA MACARENA,52,META,7112,2132,4053,200,7367
44007,LA MONTAÑITA,44,CAQUETA,6151,2032,3482,235,6259
12825,LA PAZ,12,CESAR,11105,6501,3932,258,11202
15145,LA PALMA,15,CUNDINAMARCA,3979,2358,1087,347,4033
15142,LA MESA,15,CUNDINAMARCA,17896,9127,5539,1710,18128
27118,LA PAZ,27,SANTANDER,2164,1317,294,475,2191
60016,LA PEDRERA,60,AMAZONAS,400,49,327,7,405
01170,LA PINTADA,01,ANTIOQUIA,3709,1908,1191,347,3779
15148,LA PEÑA,15,CUNDINAMARCA,3514,2456,455,409,3560
19049,LA PLATA,19,HUILA,26435,14671,7829,2122,26887
25052,LA PLAYA,25,NORTE DE SAN,2980,2204,536,90,3010
11037,LA SIERRA,11,CAUCA,5819,1436,3559,431,6119
72008,LA PRIMAVERA,72,VICHADA,3468,2499,647,135,3488
46480,LA SALINA,46,CASANARE,378,109,229,11,389
23078,LA TOLA,23,NARIÑO,2435,211,2132,43,2451
23079,LA UNION,23,NARIÑO,13522,4651,6754,1229,13900
01169,LA UNION,01,ANTIOQUIA,13913,7448,2392,2093,14120
28050,LA UNION,28,SUCRE,5971,1847,3748,211,6012
31070,LA UNION,31,VALLE,16123,9339,3996,1250,16524
11040,LA VEGA,11,CAUCA,8518,1046,6728,477,8657
15151,LA VEGA,15,CUNDINAMARCA,9552,6072,2079,755,9644
07137,LA VICTORIA,07,BOYACA,719,474,162,57,728
31073,LA VICTORIA,31,VALLE,6134,3343,1816,550,6236
24046,LA VIRGINIA,24,RISARALDA,16860,6093,7601,1457,17328
07136,LA UVITA,07,BOYACA,1421,1048,164,139,1428
60017,LA VICTORIA,60,AMAZONAS,29,0,28,0,29
07127,LABRANZAGRANDE,07,BOYACA,1872,1422,299,69,1886
27120,LANDAZURI,27,SANTANDER,5438,3741,1163,297,5505
25049,LABATECA,25,NORTE DE SAN,3156,2640,290,129,3169
29073,LIBANO,29,TOLIMA,17897,6087,8501,2012,18381
23080,LEIVA,23,NARIÑO,5910,966,4283,124,6135
52042,LEJANIAS,52,META,5082,3018,1358,347,5201
60001,LETICIA,60,AMAZONAS,20715,7328,10415,1414,20991
15154,LENGUAZAQUE,15,CUNDINAMARCA,5543,4162,496,513,5601
29070,LERIDA,29,TOLIMA,8490,2913,4377,733,8615
88535,LIBANO,88,CONSULADOS,123,58,24,36,123
23082,LINARES,23,NARIÑO,4827,914,3594,131,4910
01172,LIBORINA,01,ANTIOQUIA,4808,3029,700,735,4861
11043,LOPEZ (MICAY),11,CAUCA,4775,254,4297,79,4845
17025,LLORO,17,CHOCO,3224,643,2279,93,3349
23085,LOS ANDES (SOTOMAYOR),23,NARIÑO,5281,1072,3502,255,5521
27121,LEBRIJA,27,SANTANDER,24148,16595,4555,1291,24407
13023,LOS CORDOBAS,13,CORDOBA,7594,3416,3699,200,7656
27124,LOS SANTOS,27,SANTANDER,7060,4848,1129,594,7145
25054,LOS PATIOS,25,NORTE DE SAN,46168,33470,6987,2122,46460
25055,LOURDES,25,NORTE DE SAN,2379,1973,120,168,2393
03019,LURUACO,03,ATLANTICO,10865,5096,5206,193,10990
01175,MACEO,01,ANTIOQUIA,4379,2517,867,653,4441
13022,LORICA,13,CORDOBA,44707,15938,26216,1184,45014
07142,MACANAL,07,BOYACA,2122,1403,394,171,2141
27127,MACARAVITA,27,SANTANDER,1181,844,115,180,1187
28055,LOS PALMITOS,28,SUCRE,11802,3040,8203,287,11872
15160,MADRID,15,CUNDINAMARCA,68075,24614,31763,4202,69475
15157,MACHETA,15,CUNDINAMARCA,4257,2939,640,441,4306
23088,MAGUI (PAYAN),23,NARIÑO,3321,92,3127,16,3344
05031,MAHATES,05,BOLIVAR,9050,3564,4427,539,9125
05028,MAGANGUE,05,BOLIVAR,45395,15168,27393,1185,45779
48010,MAICAO,48,LA GUAJIRA,49978,20966,25692,1048,50548
28060,MAJAGUAL,28,SUCRE,13738,7749,4195,1279,13842
03022,MALAMBO,03,ATLANTICO,43119,11621,29475,565,43419
27130,MALAGA,27,SANTANDER,10681,6427,2551,937,10768
88560,MALASIA,88,CONSULADOS,101,46,18,28,101
23091,MALLAMA (PIEDRANCHA),23,NARIÑO,3475,486,2775,50,3541
03025,MANATI,03,ATLANTICO,5900,3508,1944,241,5938
46520,MANI,46,CASANARE,7516,4699,1830,455,7649
48011,MANAURE,48,LA GUAJIRA,13180,3967,7997,551,13466
09001,MANIZALES,09,CALDAS,230488,98540,73993,25176,234757
12625,MANAURE BALCON DEL CESAR (MANA,12,CESAR,5121,2382,2434,122,5184
15163,MANTA,15,CUNDINAMARCA,2719,1768,426,348,2727
09055,MANZANARES,09,CALDAS,7793,3948,1188,1728,7956
52046,MAPIRIPAN,52,META,2670,1260,1211,67,2751
05037,MARGARITA,05,BOLIVAR,4255,2779,1242,124,4275
07148,MARIPI,07,BOYACA,2826,1996,341,383,2840
05040,MARIA LA BAJA,05,BOLIVAR,16323,4495,10552,599,16521
01178,MARINILLA,01,ANTIOQUIA,38218,23357,7013,3580,38613
09058,MARMATO,09,CALDAS,3090,1261,1092,340,3203
29076,MARIQUITA,29,TOLIMA,16746,7507,6437,1325,17208
88580,MARRUECOS,88,CONSULADOS,34,12,7,8,34
09061,MARQUETALIA,09,CALDAS,6666,2878,844,2136,6787
24054,MARSELLA,24,RISARALDA,8004,3818,2757,803,8213
01001,MEDELLIN,01,ANTIOQUIA,1227731,676358,300729,101941,1241123
27133,MATANZA,27,SANTANDER,3417,2319,506,424,3453
09067,MARULANDA,09,CALDAS,1152,661,129,155,1186
15166,MEDINA,15,CUNDINAMARCA,4261,3176,711,162,4303
17012,MEDIO ATRATO (BETE),17,CHOCO,2423,226,2070,45,2462
17026,MEDIO BAUDO (PUERTO MELUK),17,CHOCO,3491,158,3138,98,3515
11046,MERCADERES,11,CAUCA,8153,1206,6154,356,8381
17027,MEDIO SAN JUAN,17,CHOCO,3204,239,2728,102,3283
52044,MESETAS,52,META,5224,2060,2625,168,5332
88590,MEXICO,88,CONSULADOS,12319,6119,3081,2013,12324
07151,MIRAFLORES,07,BOYACA,5026,2562,1900,238,5073
54012,MIRAFLORES,54,GUAVIARE,1130,213,788,40,1160
44016,MILAN,44,CAQUETA,2538,1123,1204,63,2571
11049,MIRANDA,11,CAUCA,14805,2523,11184,430,15067
60019,MIRITI PARANA,60,AMAZONAS,96,4,89,1,96
29079,MELGAR,29,TOLIMA,19657,11627,5201,1460,19925
68001,MITU,68,VAUPES,7450,1206,5531,291,7511
24062,MISTRATO,24,RISARALDA,6159,1887,3196,573,6337
27136,MOGOTES,27,SANTANDER,5254,3622,743,638,5349
27139,MOLAGAVITA,27,SANTANDER,2235,1609,221,307,2247
07157,MONGUI,07,BOYACA,2766,1546,766,291,2791
07160,MONIQUIRA,07,BOYACA,12501,6697,3719,1242,12702
07154,MONGUA,07,BOYACA,2892,2280,375,156,2912
26050,LA TEBAIDA,26,QUINDIO,16975,6653,7199,1476,17471
64001,MOCOA,64,PUTUMAYO,25001,5426,17187,1099,25252
13024,MOMIL,13,CORDOBA,7768,3466,3785,280,7830
05043,MOMPOS,05,BOLIVAR,17047,7404,8271,852,17182
05041,MONTECRISTO,05,BOLIVAR,3655,1514,1903,76,3687
26060,MONTENEGRO,26,QUINDIO,18060,8369,5814,2121,18678
01181,MONTEBELLO,01,ANTIOQUIA,3289,1580,610,808,3363
13025,MONTELIBANO,13,CORDOBA,31776,7546,22618,378,32050
11052,MORALES,11,CAUCA,14538,3359,9075,1026,15015
05044,MORALES,05,BOLIVAR,6806,4284,2066,184,6874
44017,MORELIA,44,CAQUETA,1840,1234,386,101,1981
50083,MORICHAL (MORICHAL NUEVO),50,GUAINIA,56,4,43,7,56
68010,MORICHAL (PAPUNAGUA),68,VAUPES,85,17,61,0,85
46540,MONTERREY,46,CASANARE,8686,5339,2032,706,8832
13001,MONTERIA,13,CORDOBA,207008,87885,104497,5611,208585
28080,MORROA,28,SUCRE,9017,2914,5547,283,9076
23094,MOSQUERA,23,NARIÑO,2981,80,2831,28,2995
15169,MOSQUERA,15,CUNDINAMARCA,73855,29147,31194,4988,74839
13027,MOÑITOS,13,CORDOBA,10359,4846,5012,240,10419
29080,MURILLO,29,TOLIMA,1585,657,535,298,1629
25058,MUTISCUA,25,NORTE DE SAN,2105,1765,120,141,2114
07163,MUZO,07,BOYACA,3934,2318,1160,244,3994
07161,MOTAVITA,07,BOYACA,3648,1710,1528,186,3702
15172,NARIÑO,15,CUNDINAMARCA,1544,697,647,135,1561
01190,NARIÑO,01,ANTIOQUIA,3750,2383,315,810,3797
01184,MURINDO,01,ANTIOQUIA,1620,73,1491,29,1634
01187,MUTATA,01,ANTIOQUIA,5781,2151,3065,226,5876
23096,NARIÑO,23,NARIÑO,3381,1034,2080,107,3442
29082,NATAGAIMA,29,TOLIMA,7547,2524,3943,826,7645
19050,NATAGA,19,HUILA,2823,1268,899,446,2878
19001,NEIVA,19,HUILA,183829,85998,71549,11552,185948
88620,NICARAGUA,88,CONSULADOS,112,76,24,6,112
15175,NEMOCON,15,CUNDINAMARCA,8325,3786,3249,510,8560
09076,NEIRA,09,CALDAS,10562,5288,2333,1435,10902
15178,NILO,15,CUNDINAMARCA,3606,2133,1033,227,3629
15181,NIMAIMA,15,CUNDINAMARCA,2248,1579,366,176,2260
05050,NOROSI,05,BOLIVAR,2164,710,1304,58,2182
15184,NOCAIMA,15,CUNDINAMARCA,3574,2080,1073,224,3609
09078,NORCASIA,09,CALDAS,3203,1622,941,263,3300
17028,NOVITA,17,CHOCO,2090,352,1463,113,2167
88635,NORUEGA,88,CONSULADOS,567,145,258,89,568
88625,NUEVA ZELANDIA,88,CONSULADOS,1297,448,494,149,1299
21042,NUEVA GRANADA,21,MAGDALENA,7614,4128,3055,145,7678
17082,NUEVO BELEN DE BAJIRA,17,CHOCO,5123,1453,3224,165,5196
07166,NOBSA,07,BOYACA,10063,3101,5385,690,10169
01192,NECOCLI,01,ANTIOQUIA,15373,7488,5919,1117,15610
01191,NECHI,01,ANTIOQUIA,6357,3241,2469,341,6422
46560,NUNCHIA,46,CASANARE,4152,2990,566,401,4194
17031,NUQUI,17,CHOCO,3008,307,2567,47,3025
31076,OBANDO,31,VALLE,5265,1783,2772,370,5402
07169,NUEVO COLON,07,BOYACA,3062,1873,850,161,3088
27142,OCAMONTE,27,SANTANDER,2619,1817,265,443,2638
25061,OCAÑA,25,NORTE DE SAN,55721,37018,13256,1630,56251
07173,OICATA,07,BOYACA,1918,877,655,209,1947
01193,OLAYA,01,ANTIOQUIA,1619,938,259,310,1634
27145,OIBA,27,SANTANDER,6354,4566,1023,410,6418
23095,OLAYA HERRERA,23,NARIÑO,6785,451,6006,91,6881
27148,ONZAGA,27,SANTANDER,2030,1478,221,265,2058
64023,ORITO,64,PUTUMAYO,15852,1925,12783,340,16064
46640,OROCUE,46,CASANARE,4985,3199,1241,279,5074
19051,OPORAPA,19,HUILA,5466,3870,808,462,5505
07176,OTANCHE,07,BOYACA,4276,3003,643,429,4307
23097,OSPINA,23,NARIÑO,3206,945,1862,230,3250
07178,PACHAVITA,07,BOYACA,1258,831,220,137,1280
15190,PACHO,15,CUNDINAMARCA,14844,9225,2990,1569,15015
29085,ORTEGA,29,TOLIMA,11455,5056,4172,1568,11703
11053,PADILLA,11,CAUCA,4091,685,3114,88,4246
28100,OVEJAS,28,SUCRE,12428,4075,7680,373,12541
09079,PACORA,09,CALDAS,6768,3463,971,1365,6982
11055,PAEZ (BELALCAZAR),11,CAUCA,13241,1527,10815,482,13472
07179,PAEZ,07,BOYACA,1599,1178,252,69,1616
19052,PAICOL,19,HUILA,3489,2560,569,215,3518
15193,PAIME,15,CUNDINAMARCA,2518,1704,510,222,2534
12650,PAILITAS,12,CESAR,8377,4467,3360,140,8484
07181,PAIPA,07,BOYACA,21309,9133,7950,2120,21582
88435,PAISES BAJOS,88,CONSULADOS,3137,986,1121,495,3139
07184,PAJARITO,07,BOYACA,1073,776,187,68,1079
19055,PALERMO,19,HUILA,12869,7265,4008,806,13021
19056,PALESTINA,19,HUILA,5919,3491,1583,446,6010
03028,PALMAR DE VARELA,03,ATLANTICO,12232,4074,7637,136,12317
27151,PALMAR,27,SANTANDER,1036,720,149,121,1047
31079,PALMIRA,31,VALLE,163830,52511,90115,8081,165881
27154,PALMAS DEL SOCORRO,27,SANTANDER,1838,1382,165,210,1849
25064,PAMPLONA,25,NORTE DE SAN,29249,16850,7507,1717,29627
28120,PALMITO,28,SUCRE,7579,2262,4828,310,7636
29087,PALOCABILDO,29,TOLIMA,4237,2160,1317,525,4304
25067,PAMPLONITA,25,NORTE DE SAN,3257,2471,294,263,3292
50087,PANA PANA (CAMPO ALEGRE),50,GUAINIA,246,36,144,39,247
88655,PANAMA,88,CONSULADOS,11028,7161,2052,1157,11042
15196,PANDI,15,CUNDINAMARCA,2560,1336,893,185,2586
07187,PANQUEBA,07,BOYACA,880,584,145,119,884
15198,PARATEBUENO (LA NAGUAYA),15,CUNDINAMARCA,4725,3221,976,237,4779
27157,PARAMO,27,SANTANDER,2865,2079,329,297,2876
88665,PARAGUAY,88,CONSULADOS,371,248,77,32,371
07193,PAYA,07,BOYACA,962,755,115,47,978
07190,PAUNA,07,BOYACA,3814,2325,844,445,3879
15199,PASCA,15,CUNDINAMARCA,5280,2160,2513,277,5375
23001,PASTO,23,NARIÑO,213368,49473,140876,9410,215942
11058,PATIA (EL BORDO),11,CAUCA,19132,3450,12952,1104,20198
07199,PAZ DE RIO,07,BOYACA,2351,854,1103,170,2381
21046,PEDRAZA,21,MAGDALENA,3794,2096,1430,136,3846
12700,PELAYA,12,CESAR,8987,5447,2986,104,9117
01199,PEQUE,01,ANTIOQUIA,3027,1188,876,746,3060
09085,PENSILVANIA,09,CALDAS,8795,4035,1600,2401,8985
07202,PESCA,07,BOYACA,3552,2246,659,441,3590
01196,PEÑOL,01,ANTIOQUIA,11750,7725,1624,1327,11862
46680,PAZ DE ARIPORO (MORENO),46,CASANARE,17374,11987,3152,1437,17613
24001,PEREIRA,24,RISARALDA,273599,124834,96694,23342,278066
88670,PERU,88,CONSULADOS,3464,1964,654,530,3468
11060,PIAMONTE,11,CAUCA,2802,875,1628,98,2848
27160,PIEDECUESTA,27,SANTANDER,93397,54278,26051,4710,94326
11061,PIENDAMO,11,CAUCA,18644,5760,9752,1573,19225
05059,PINILLOS,05,BOLIVAR,7647,4877,2291,290,7701
26070,PIJAO,26,QUINDIO,2987,1578,859,346,3075
21048,PIJIÑO DEL CARMEN,21,MAGDALENA,4690,2588,1834,118,4729
03031,PIOJO,03,ATLANTICO,2840,1167,1431,153,2854
27163,PINCHOTE,27,SANTANDER,2856,1856,564,274,2877
07205,PISBA,07,BOYACA,704,492,126,47,713
19058,PITAL,19,HUILA,6153,3926,1380,326,6205
29088,PIEDRAS,29,TOLIMA,3161,1421,1374,194,3200
19061,PITALITO,19,HUILA,64710,34502,21913,3611,65462
29089,PLANADAS,29,TOLIMA,10293,4800,3475,1164,10538
13028,PLANETA RICA,13,CORDOBA,26892,10808,14570,492,27361
23098,POLICARPA,23,NARIÑO,8527,929,6712,180,8934
03034,POLONUEVO,03,ATLANTICO,8239,2281,5660,73,8298
21052,PLATO,21,MAGDALENA,19537,7773,10745,352,19713
03035,PONEDERA,03,ATLANTICO,8947,4083,4372,196,9040
88675,POLONIA,88,CONSULADOS,1063,282,622,59,1065
11001,POPAYAN,11,CAUCA,184022,49238,104468,16694,187004
46700,PORE,46,CASANARE,5132,3622,847,381,5200
88680,PORTUGAL,88,CONSULADOS,3178,1176,1329,267,3190
23100,POTOSI,23,NARIÑO,5180,1630,3080,241,5225
21049,PIVIJAY,21,MAGDALENA,13080,4439,7442,667,13228
56004,PROVIDENCIA,56,SAN ANDRES,1213,389,590,132,1221
31082,PRADERA,31,VALLE,23144,4855,16082,911,23537
23101,PROVIDENCIA,23,NARIÑO,2967,243,2578,57,2997
29091,PRADO,29,TOLIMA,4216,2523,1111,390,4262
13031,PUEBLO NUEVO,13,CORDOBA,14254,6801,6783,210,14347
12720,PUEBLO BELLO,12,CESAR,10224,3802,5910,156,10358
24070,PUEBLO RICO,24,RISARALDA,5504,1410,3513,349,5599
01202,PUEBLORRICO,01,ANTIOQUIA,3611,2251,569,568,3650
21055,PUEBLOVIEJO,21,MAGDALENA,8104,2532,4940,234,8209
27166,PUENTE NACIONAL,27,SANTANDER,8281,4615,2470,748,8353
60030,PUERTO ALEGRIA,60,AMAZONAS,112,14,94,3,112
23103,PUERRES,23,NARIÑO,4824,1293,3227,157,4873
60040,PUERTO ARICA,60,AMAZONAS,190,15,163,9,190
07214,PUERTO BOYACA,07,BOYACA,23846,12009,8243,1663,24642
72001,PUERTO CARREÑO,72,VICHADA,8443,4399,2767,614,8568
50090,PUERTO COLOMBIA,50,GUAINIA,226,115,88,10,226
64026,PUERTO CAICEDO,64,PUTUMAYO,4806,795,3513,165,4914
03037,PUERTO COLOMBIA,03,ATLANTICO,21561,8590,11515,478,21653
52047,PUERTO CONCORDIA,52,META,3555,1726,1359,185,3651
52043,PUERTO GAITAN,52,META,34430,14580,15043,1030,35895
13033,PUERTO ESCONDIDO,13,CORDOBA,8954,4129,4265,302,9013
64004,PUERTO LEGUIZAMO,64,PUTUMAYO,5422,1978,2867,185,5532
64025,PUERTO GUZMAN,64,PUTUMAYO,5297,1159,3573,161,5417
64002,PUERTO ASIS,64,PUTUMAYO,26197,5145,18004,855,26863
13032,PUERTO LIBERTADOR,13,CORDOBA,15047,3746,10511,129,15195
01168,PUERTO NARE-LA MAGDALENA,01,ANTIOQUIA,5795,2222,2584,600,5883
52045,PUERTO LOPEZ,52,META,15806,8631,4893,1077,16159
52048,PUERTO LLERAS,52,META,3813,2259,1079,214,3868
27167,PUERTO PARRA,27,SANTANDER,3375,1786,1180,112,3441
44009,PUERTO RICO,44,CAQUETA,9917,4853,3682,489,10168
60007,PUERTO NARIÑO,60,AMAZONAS,2204,327,1629,112,2243
01205,PUERTO BERRIO,01,ANTIOQUIA,14764,7444,5517,657,15021
88683,PUERTO RICO,88,CONSULADOS,1191,699,274,129,1193
52049,PUERTO RICO,52,META,4892,1987,2214,268,5049
40020,PUERTO RONDON,40,ARAUCA,1575,1146,225,123,1591
29094,PURIFICACION,29,TOLIMA,11980,5234,4918,1179,12176
15202,PUERTO SALGAR,15,CUNDINAMARCA,7441,3757,2831,363,7603
60021,PUERTO SANTANDER,60,AMAZONAS,132,19,93,14,133
11064,PUERTO TEJADA,11,CAUCA,21576,2387,17750,549,21966
11067,PURACE (COCONUCO),11,CAUCA,5846,1212,4123,311,5963
23106,PUPIALES,23,NARIÑO,9493,3181,5072,690,9718
25069,PUERTO SANTANDER,25,NORTE DE SAN,3646,2829,473,102,3687
15205,PULI,15,CUNDINAMARCA,1427,825,336,167,1447
01206,PUERTO TRIUNFO,01,ANTIOQUIA,7843,4688,2061,469,7980
15208,QUEBRADANEGRA,15,CUNDINAMARCA,3087,2357,408,195,3107
17001,QUIBDO,17,CHOCO,40138,5914,29900,2266,41145
26080,QUIMBAYA,26,QUINDIO,16057,7320,5521,1684,16466
24078,QUINCHIA,24,RISARALDA,11360,3278,5952,1011,11817
07215,QUIPAMA,07,BOYACA,2410,1681,445,187,2445
15211,QUETAME,15,CUNDINAMARCA,3929,2300,1202,185,3968
27169,PUERTO WILCHES,27,SANTANDER,15252,5445,8480,656,15502
13034,PURISIMA,13,CORDOBA,6977,3679,2881,189,7068
15214,QUIPILE,15,CUNDINAMARCA,3663,2428,568,475,3693
25070,RAGONVALIA,25,NORTE DE SAN,2905,2417,185,180,2934
07217,RAMIRIQUI,07,BOYACA,5806,3528,1504,436,5865
07220,RAQUIRA,07,BOYACA,3735,2248,884,302,3786
05063,REGIDOR,05,BOLIVAR,2496,969,1431,31,2509
46760,RECETOR,46,CASANARE,781,477,187,64,793
03040,REPELON,03,ATLANTICO,10110,4475,4942,228,10238
01208,REMEDIOS,01,ANTIOQUIA,7918,3066,3584,294,8062
21058,REMOLINO,21,MAGDALENA,3590,1026,2364,51,3610
88685,REPUBLICA DOMINICANA,88,CONSULADOS,2101,1399,328,234,2105
88688,REPUBLICA DE SINGAPUR,88,CONSULADOS,196,86,32,52,196
31085,RESTREPO,31,VALLE,7879,3543,3354,480,8048
88370,REPUBLICA DE FILIPINAS,88,CONSULADOS,91,37,29,14,91
88690,REPUBLICA SOCIALISTA DE VIETNA,88,CONSULADOS,33,8,17,4,33
01211,RETIRO,01,ANTIOQUIA,17556,11323,2139,2825,17666
52050,RESTREPO,52,META,11625,6950,3030,851,11725
23109,RICAURTE,23,NARIÑO,6821,1241,5048,246,6949
17032,RIO IRO,17,CHOCO,1574,316,1078,79,1622
15218,RICAURTE,15,CUNDINAMARCA,8235,4451,2654,530,8306
17035,RIO QUITO (PAIMADO),17,CHOCO,3311,611,2359,138,3408
12750,RIO DE ORO,12,CESAR,9220,5598,2560,499,9333
31088,RIOFRIO,31,VALLE,8259,3460,3432,829,8419
29097,RIOBLANCO,29,TOLIMA,6633,3562,1723,808,6780
01214,RIONEGRO,01,ANTIOQUIA,99730,58712,18050,12987,100692
09103,RIOSUCIO,09,CALDAS,23537,9843,9331,2041,24143
48001,RIOHACHA,48,LA GUAJIRA,69900,26917,37453,2147,70779
27172,RIONEGRO,27,SANTANDER,14354,9499,2849,945,14593
17034,RIOSUCIO,17,CHOCO,5845,655,4914,106,5985
05065,RIOVIEJO,05,BOLIVAR,3300,1701,1358,100,3341
09106,RISARALDA,09,CALDAS,5178,2587,1112,865,5313
19064,RIVERA,19,HUILA,12402,6181,4708,726,12595
31091,ROLDANILLO,31,VALLE,19202,8798,7297,1518,19494
29100,RONCESVALLES,29,TOLIMA,1857,1114,377,228,1892
07223,RONDON,07,BOYACA,1347,917,276,97,1359
11070,ROSAS,11,CAUCA,5375,1369,3203,500,5590
29103,ROVIRA,29,TOLIMA,9861,5659,1952,1571,10023
03043,SABANAGRANDE,03,ATLANTICO,13436,4633,7952,197,13523
88700,RUSIA,88,CONSULADOS,175,31,111,11,175
23112,ROBERTO PAYAN (SAN JOSE),23,NARIÑO,4562,113,4325,36,4592
27174,SABANA DE TORRES,27,SANTANDER,15014,8005,5200,675,15340
46800,SABANALARGA,46,CASANARE,1982,1371,393,140,2002
21060,SABANAS DE SAN ANGEL,21,MAGDALENA,5459,2687,2162,425,5502
03046,SABANALARGA,03,ATLANTICO,39061,12642,24095,904,39333
01217,SABANALARGA,01,ANTIOQUIA,3507,2116,504,640,3546
01218,SABANETA,01,ANTIOQUIA,70950,43977,11895,6610,71369
46815,SACAMA,46,CASANARE,1087,312,621,66,1102
07226,SABOYA,07,BOYACA,6447,3777,1767,550,6565
13037,SAHAGUN,13,CORDOBA,45057,17443,25022,1242,45411
07232,SACHICA,07,BOYACA,3111,1648,837,244,3142
19067,SALADOBLANCO,19,HUILA,6283,4668,1028,307,6342
09109,SALAMINA,09,CALDAS,7372,3311,1495,1445,7568
21067,SALAMINA,21,MAGDALENA,3877,1681,2013,66,3895
25073,SALAZAR,25,NORTE DE SAN,5598,4599,464,253,5639
01220,SALGAR,01,ANTIOQUIA,5752,4025,454,921,5823
26090,SALENTO,26,QUINDIO,3774,2102,948,406,3827
09115,SAMANA,09,CALDAS,8667,4743,1588,1447,8893
23115,SAMANIEGO,23,NARIÑO,13058,1870,10468,249,13253
19070,SAN AGUSTIN,19,HUILA,15610,8483,5217,996,15796
07235,SAMACA,07,BOYACA,10466,5988,2519,913,10612
27175,SAN ANDRES,27,SANTANDER,3814,2510,731,386,3856
56001,SAN ANDRES,56,SAN ANDRES,16787,7404,7346,694,16896
01223,SAN ANDRES,01,ANTIOQUIA,2237,1202,427,265,2335
29105,SALDAÑA,29,TOLIMA,7418,3730,2234,963,7539
13040,SAN ANDRES DE SOTAVENTO,13,CORDOBA,16905,4800,10960,690,17066
29106,SAN ANTONIO,29,TOLIMA,5091,2786,1165,847,5187
13043,SAN ANTERO,13,CORDOBA,12275,5100,6315,372,12498
15220,SAN ANTONIO DEL TEQUENDAMA,15,CUNDINAMARCA,6263,3165,1977,634,6324
12800,SAN ALBERTO,12,CESAR,11519,5419,4921,353,11688
28180,SAN BENITO ABAD,28,SUCRE,10610,4371,5766,257,10662
15223,SAN BERNARDO,15,CUNDINAMARCA,4480,2595,1349,291,4523
27178,SAN BENITO,27,SANTANDER,1331,842,188,257,1345
28160,SAMPUES,28,SUCRE,20014,6100,12495,754,20259
23120,SAN BERNARDO,23,NARIÑO,4150,1578,2020,309,4209
13046,SAN BERNARDO DEL VIENTO,13,CORDOBA,12747,3764,8369,266,12831
12850,SAN DIEGO,12,CESAR,8841,4457,3854,184,8918
52055,SAN CARLOS DE GUAROA,52,META,6038,3223,1974,355,6174
05072,SAN CRISTOBAL,05,BOLIVAR,3637,1192,2285,62,3652
15226,SAN CAYETANO,15,CUNDINAMARCA,2322,1560,276,367,2337
07237,SAN EDUARDO,07,BOYACA,942,556,267,50,949
01226,SAN CARLOS,01,ANTIOQUIA,8722,5447,1498,1182,8801
25076,SAN CALIXTO,25,NORTE DE SAN,3588,441,2998,36,3635
05070,SAN ESTANISLAO,05,BOLIVAR,7230,3494,3101,314,7319
05073,SAN FERNANDO,05,BOLIVAR,3726,1899,1637,107,3750
50092,SAN FELIPE,50,GUAINIA,153,64,64,13,154
15229,SAN FRANCISCO,15,CUNDINAMARCA,6347,3805,1516,571,6418
01227,SAN FRANCISCO,01,ANTIOQUIA,2783,1686,438,453,2827
64013,SAN FRANCISCO,64,PUTUMAYO,2903,698,1851,208,2933
05076,SAN JACINTO,05,BOLIVAR,11044,5067,5173,531,11140
27181,SAN GIL,27,SANTANDER,32677,19168,8703,2288,32920
27184,SAN JOAQUIN,27,SANTANDER,1209,757,188,204,1227
05078,SAN JACINTO DEL CAUCA,05,BOLIVAR,3012,1589,1134,202,3033
01229,SAN JERONIMO,01,ANTIOQUIA,7566,4532,1463,983,7670
01230,SAN JOSE DE LA MONTAÑA,01,ANTIOQUIA,1569,927,191,194,1602
27187,SAN JOSE DE MIRANDA,27,SANTANDER,2915,1961,345,462,2939
44020,SAN JOSE DEL FRAGUA,44,CAQUETA,5130,2568,1930,197,5241
07238,SAN JOSE DE PARE,07,BOYACA,2959,1943,528,354,3004
54001,SAN JOSE DEL GUAVIARE,54,GUAVIARE,25271,12040,9150,1588,25927
17037,SAN JOSE DEL PALMAR,17,CHOCO,1380,408,816,55,1422
28190,SAN JUAN DE BETULIA (BETULIA),28,SUCRE,7491,2963,4229,117,7543
52058,SAN JUAN DE ARAMA,52,META,3570,1682,1376,304,3620
01231,SAN JUAN DE URABA,01,ANTIOQUIA,7660,3525,3097,665,7710
05079,SAN JUAN NEPOMUCENO,05,BOLIVAR,14433,7609,5954,320,14564
48013,SAN JUAN DEL CESAR,48,LA GUAJIRA,18711,10232,7360,529,18906
15232,SAN JUAN DE RIOSECO,15,CUNDINAMARCA,5277,3126,1390,483,5342
23121,SAN LORENZO,23,NARIÑO,7999,2213,4428,798,8275
52059,SAN JUANITO,52,META,728,522,112,42,737
01232,SAN LUIS,01,ANTIOQUIA,6796,4632,1045,609,6844
29109,SAN LUIS,29,TOLIMA,7240,4568,1553,773,7344
46830,SAN LUIS DE PALENQUE,46,CASANARE,4201,3127,533,315,4243
07241,SAN LUIS DE GACENO,07,BOYACA,2632,2132,298,108,2650
12875,SAN MARTIN,12,CESAR,12196,6540,4333,340,12423
13049,SAN CARLOS,13,CORDOBA,9399,4098,4560,405,9470
25079,SAN CAYETANO,25,NORTE DE SAN,4880,3824,623,140,4915
52060,SAN MARTIN DE LOS LLANOS,52,META,11565,6590,3202,768,11784
05082,SAN MARTIN DE LOBA,05,BOLIVAR,5396,2484,2589,174,5441
27190,SAN MIGUEL,27,SANTANDER,1305,838,225,205,1311
64018,SAN MIGUEL (LA DORADA),64,PUTUMAYO,7211,698,5752,192,7353
07247,SAN MATEO,07,BOYACA,2014,1600,219,107,2022
28200,SAN MARCOS,28,SUCRE,22019,8058,12422,717,22261
07248,SAN MIGUEL DE SEMA,07,BOYACA,1816,1105,389,207,1845
05084,SAN PABLO,05,BOLIVAR,9121,3802,4521,210,9262
23124,SAN PABLO,23,NARIÑO,7037,955,5664,150,7177
07249,SAN PABLO DE BORBUR,07,BOYACA,3446,2415,500,326,3485
01235,SAN PEDRO,01,ANTIOQUIA,14712,9059,2106,1740,14943
28240,SAN PEDRO,28,SUCRE,9196,3714,5009,217,9265
31094,SAN PEDRO,31,VALLE,8239,2897,4290,545,8368
01238,SAN RAFAEL,01,ANTIOQUIA,7438,4376,1230,1118,7555
01237,SAN PEDRO DE URABA,01,ANTIOQUIA,11431,6831,3017,960,11554
23123,SAN PEDRO DE CARTAGO,23,NARIÑO,3159,1382,1193,390,3222
01241,SAN ROQUE,01,ANTIOQUIA,8453,4664,1201,1987,8576
13055,SAN PELAYO,13,CORDOBA,20610,8642,11037,304,20706
28220,SAN ONOFRE,28,SUCRE,18226,3925,12645,970,18473
11073,SAN SEBASTIAN,11,CAUCA,3897,542,2970,266,3983
21070,SAN SEBASTIAN DE BUENAVISTA,21,MAGDALENA,8089,4425,3223,253,8129
01244,SAN VICENTE,01,ANTIOQUIA,11570,7424,1325,1719,11730
27193,SAN VICENTE DE CHUCURI,27,SANTANDER,14804,10055,2998,826,15031
44010,SAN VICENTE DEL CAGUAN,44,CAQUETA,23742,9241,11114,1017,24447
21073,SAN ZENON,21,MAGDALENA,4476,1888,1870,591,4496
23118,SANDONA,23,NARIÑO,10364,2596,6899,325,10528
21076,SANTA ANA,21,MAGDALENA,8654,5794,2457,165,8699
01247,SANTA BARBARA,01,ANTIOQUIA,11417,5987,2822,1450,11636
23125,SANTA BARBARA (ISCUANDE),23,NARIÑO,2952,204,2558,68,2983
27195,SANTA BARBARA,27,SANTANDER,1540,1065,187,236,1549
21078,SANTA BARBARA DE PINTO,21,MAGDALENA,4026,1484,2323,53,4053
05091,SANTA CATALINA,05,BOLIVAR,5595,1288,4011,105,5635
13052,SAN JOSE DE URE,13,CORDOBA,4165,740,3228,63,4191
09120,SAN JOSE,09,CALDAS,2642,1075,628,575,2686
27194,SANTA HELENA DEL OPON,27,SANTANDER,1895,1520,218,80,1904
07251,SANTA MARIA,07,BOYACA,1908,1072,625,67,1951
03047,SANTA LUCIA,03,ATLANTICO,5903,2613,1596,1458,5941
29112,SANTA ISABEL,29,TOLIMA,2562,1446,516,436,2603
19074,SANTA MARIA,19,HUILA,5171,3457,824,586,5222
09082,PALESTINA,09,CALDAS,7662,3180,2194,657,7871
05094,SANTA ROSA,05,BOLIVAR,7133,1575,5107,196,7199
11079,SANTA ROSA,11,CAUCA,2113,478,1471,101,2140
05095,SANTA ROSA DEL SUR,05,BOLIVAR,14429,10104,2799,440,14619
07253,SANTA ROSA DE VITERBO,07,BOYACA,6258,3449,1649,533,6325
24086,SANTA ROSA DE CABAL,24,RISARALDA,42184,20631,13099,3702,43151
01250,SANTA ROSA DE OSOS,01,ANTIOQUIA,17012,9396,2427,3052,17437
21001,SANTA MARTA,21,MAGDALENA,215262,79356,112812,10064,217221
23127,SANTACRUZ (GUACHAVES),23,NARIÑO,3907,446,3204,79,3959
07256,SANTA SOFIA,07,BOYACA,2113,1505,300,195,2127
07250,SANTANA,07,BOYACA,3868,2392,935,376,3903
11076,SANTANDER DE QUILICHAO,11,CAUCA,55584,12819,36828,2257,57034
64016,SANTIAGO,64,PUTUMAYO,3655,646,2767,107,3702
72002,SANTA ROSALIA,72,VICHADA,1640,1206,289,73,1658
01253,SANTO DOMINGO,01,ANTIOQUIA,5285,2965,861,965,5376
24094,SANTUARIO,24,RISARALDA,5477,3020,1236,687,5638
03049,SANTO TOMAS,03,ATLANTICO,14141,4822,8522,279,14225
25082,SANTIAGO,25,NORTE DE SAN,2142,1629,255,130,2150
40025,SARAVENA,40,ARAUCA,20253,8564,8924,954,20743
25085,SARDINATA,25,NORTE DE SAN,10643,8716,947,417,10734
23130,SAPUYES,23,NARIÑO,3567,876,2382,199,3608
15235,SASAIMA,15,CUNDINAMARCA,6052,3590,1390,564,6148
07259,SATIVANORTE,07,BOYACA,1341,937,175,159,1351
07262,SATIVASUR,07,BOYACA,606,371,134,61,612
31097,SEVILLA,31,VALLE,18725,7471,7716,2086,19252
15238,SESQUILE,15,CUNDINAMARCA,6854,2970,2779,418,7075
15239,SIBATE,15,CUNDINAMARCA,18682,7196,8296,1387,19037
07265,SIACHOQUE,07,BOYACA,3668,1880,854,615,3740
25088,SILOS,25,NORTE DE SAN,3022,2628,120,166,3032
64019,SIBUNDOY,64,PUTUMAYO,7196,1467,5006,381,7266
01259,SEGOVIA,01,ANTIOQUIA,11981,3588,6457,445,12200
28260,SINCE,28,SUCRE,14072,6093,6856,600,14230
15241,SILVANIA,15,CUNDINAMARCA,13275,7081,3962,1369,13475
27196,SIMACOTA,27,SANTANDER,4057,2732,827,297,4105
28001,SINCELEJO,28,SUCRE,125329,45664,71183,3264,126701
11082,SILVIA,11,CAUCA,13219,2033,9739,603,13828
05097,SIMITI,05,BOLIVAR,6558,3770,2035,179,6635
15244,SIMIJACA,15,CUNDINAMARCA,6815,4122,1679,404,6891
21079,SITIONUEVO,21,MAGDALENA,7452,2413,4427,202,7533
17040,SIPI,17,CHOCO,1079,83,939,22,1100
07268,SOATA,07,BOYACA,4898,2807,1301,500,4952
01256,SANTUARIO,01,ANTIOQUIA,21930,16197,2126,1782,22139
15247,SOACHA,15,CUNDINAMARCA,255080,72682,139603,17093,259197
07274,SOCHA,07,BOYACA,3903,1879,1120,641,3964
07271,SOCOTA,07,BOYACA,3112,1997,562,356,3157
44022,SOLANO,44,CAQUETA,3003,729,2005,68,3076
44024,SOLITA,44,CAQUETA,2282,1227,744,94,2341
07280,SOMONDOCO,07,BOYACA,1704,1009,436,141,1728
01265,SOPETRAN,01,ANTIOQUIA,7357,3047,1713,2132,7446
03052,SOLEDAD,03,ATLANTICO,168549,54568,104590,2486,169553
01262,SONSON,01,ANTIOQUIA,16099,9028,1679,4042,16399
07277,SOGAMOSO,07,BOYACA,70423,29674,27481,6297,71271
15250,SOPO,15,CUNDINAMARCA,16190,5829,7099,1267,16417
05106,SOPLAVIENTO,05,BOLIVAR,4778,969,3669,39,4821
07283,SOTAQUIRA,07,BOYACA,4128,2145,1132,529,4207
07281,SORA,07,BOYACA,1820,910,612,146,1851
11085,SOTARA (PAISPAMBA),11,CAUCA,4692,891,3136,419,4807
27199,SOCORRO,27,SANTANDER,17107,10882,3380,1804,17214
27202,SUAITA,27,SANTANDER,5208,3650,812,504,5272
07282,SORACA,07,BOYACA,3961,1921,1207,516,4033
11087,SUAREZ,11,CAUCA,10588,2638,6341,594,11371
19076,SUAZA,19,HUILA,9072,6145,2001,395,9179
29115,SUAREZ,29,TOLIMA,2707,1472,697,408,2743
03055,SUAN,03,ATLANTICO,5052,3151,1661,93,5069
11086,SUCRE,11,CAUCA,3884,251,3332,129,4001
15256,SUBACHOQUE,15,CUNDINAMARCA,9780,5771,2160,926,9917
27205,SUCRE,27,SANTANDER,2948,1911,421,518,2982
28280,SUCRE,28,SUCRE,9626,4774,3764,778,9694
88745,SUDAFRICA,88,CONSULADOS,110,53,21,22,110
88755,SUECIA,88,CONSULADOS,1515,384,815,165,1518
88760,SUIZA,88,CONSULADOS,4510,1672,1766,580,4515
15259,SUESCA,15,CUNDINAMARCA,8527,2962,3958,587,8800
09124,SUPIA,09,CALDAS,12214,5135,4159,1469,12893
15262,SUPATA,15,CUNDINAMARCA,3028,2013,529,297,3050
15265,SUSA,15,CUNDINAMARCA,3745,2382,795,278,3774
27208,SURATA,27,SANTANDER,2221,1492,383,241,2250
07289,SUTAMARCHAN,07,BOYACA,4183,2519,1006,392,4207
07292,SUTATENZA,07,BOYACA,2371,1349,614,264,2395
15268,SUTATAUSA,15,CUNDINAMARCA,3045,1775,721,250,3114
88765,TAILANDIA,88,CONSULADOS,114,46,43,10,114
15271,TABIO,15,CUNDINAMARCA,13807,6721,4373,1081,14024
17043,TADO,17,CHOCO,5221,839,3771,248,5455
05110,TALAIGUA NUEVO,05,BOLIVAR,5244,2840,2177,107,5259
12900,TAMALAMEQUE,12,CESAR,5137,2246,2622,119,5165
46840,TAMARA,46,CASANARE,2627,1684,469,330,2669
07286,SUSACON,07,BOYACA,1380,892,219,198,1400
01268,TAMESIS,01,ANTIOQUIA,8415,4240,1964,1464,8569
23133,TAMINANGO,23,NARIÑO,8814,1302,7045,179,8905
23136,TANGUA,23,NARIÑO,5862,1371,4032,214,5933
68017,TARAIRA,68,VAUPES,402,85,278,14,406
40005,TAME,40,ARAUCA,19696,10658,5972,1289,20113
60022,TARAPACA,60,AMAZONAS,494,69,356,16,500
19079,TARQUI,19,HUILA,7588,5038,1693,457,7663
01271,TARSO,01,ANTIOQUIA,2890,1374,754,539,2930
01270,TARAZA,01,ANTIOQUIA,6679,2214,3594,278,6812
07298,TASCO,07,BOYACA,2855,1626,787,283,2894
19082,TELLO,19,HUILA,5744,3536,1432,440,5824
46850,TAURAMENA,46,CASANARE,14514,9652,3174,664,14757
15274,TAUSA,15,CUNDINAMARCA,4477,2936,729,429,4554
15277,TENA,15,CUNDINAMARCA,5206,2862,1576,422,5259
21085,TENERIFE,21,MAGDALENA,4977,1911,2740,130,5027
15280,TENJO,15,CUNDINAMARCA,14510,6939,4517,1311,14852
07301,TENZA,07,BOYACA,2206,1331,513,193,2238
25091,TEORAMA,25,NORTE DE SAN,5355,905,4117,81,5433
19025,TESALIA (CARNICERIAS),19,HUILA,5438,3825,968,316,5531
19085,TERUEL,19,HUILA,3830,2567,648,420,3864
15283,TIBACUY,15,CUNDINAMARCA,2918,1478,1021,250,2956
07304,TIBANA,07,BOYACA,4164,2736,944,255,4212
07307,TIBASOSA,07,BOYACA,6912,2825,2906,615,7010
15286,TIBIRITA,15,CUNDINAMARCA,1805,1041,483,168,1823
25093,TIBU,25,NORTE DE SAN,18766,9958,6001,676,19240
13058,TIERRALTA,13,CORDOBA,28420,9331,17296,629,28743
11091,TIMBIQUI,11,CAUCA,7025,243,6622,74,7059
19088,TIMANA,19,HUILA,9931,6361,1979,939,10041
07310,TINJACA,07,BOYACA,2278,1237,732,162,2289
11088,TIMBIO,11,CAUCA,18702,5200,10696,1591,19192
05113,TIQUISIO (PTO. RICO),05,BOLIVAR,5086,2490,2255,152,5142
07311,TIPACOQUE,07,BOYACA,1960,1268,394,215,1981
01274,TITIRIBI,01,ANTIOQUIA,4008,1933,858,816,4087
07313,TOCA,07,BOYACA,4866,2430,1443,514,4950
15289,TOCAIMA,15,CUNDINAMARCA,7023,3692,2157,642,7129
07316,TOGUI,07,BOYACA,2288,1471,440,262,2326
15292,TOCANCIPA,15,CUNDINAMARCA,32953,9762,16891,2441,33627
25094,TOLEDO,25,NORTE DE SAN,7751,6179,771,359,7846
01277,TOLEDO,01,ANTIOQUIA,1729,822,426,218,1820
27211,TONA,27,SANTANDER,3717,2672,567,271,3769
07319,TOPAGA,07,BOYACA,2440,1460,580,235,2471
15295,TOPAIPI,15,CUNDINAMARCA,2116,1420,328,266,2144
11094,TORIBIO,11,CAUCA,15554,759,14215,203,15768
31100,TORO,31,VALLE,6109,3042,1608,945,6250
07322,TOTA,07,BOYACA,2153,1410,411,210,2180
11097,TOTORO,11,CAUCA,8069,813,6753,209,8188
46865,TRINIDAD,46,CASANARE,5887,4167,946,535,5949
88785,TRINIDAD Y TOBAGO,88,CONSULADOS,160,91,31,13,160
28320,TOLUVIEJO,28,SUCRE,11717,4034,7028,328,11808
03058,TUBARA,03,ATLANTICO,5979,2085,3576,125,6017
31103,TRUJILLO,31,VALLE,8643,4086,2863,1059,8816
13060,TUCHIN,13,CORDOBA,13883,4055,8706,713,14066
28300,TOLU,28,SUCRE,13801,2946,10148,325,13953
31106,TULUA,31,VALLE,98087,41369,43107,5371,99660
07324,TUNUNGUA,07,BOYACA,950,645,230,40,957
23142,TUQUERRES,23,NARIÑO,20286,3078,15394,930,20713
05121,TURBANA,05,BOLIVAR,8482,2028,5995,164,8532
07001,TUNJA,07,BOYACA,102433,37018,44172,8612,103635
05118,TURBACO,05,BOLIVAR,37755,12311,22333,1060,38023
23139,TUMACO,23,NARIÑO,54250,7156,41334,3245,55220
01280,TURBO,01,ANTIOQUIA,43958,13435,26437,1683,44598
88770,TURQUIA,88,CONSULADOS,225,57,119,27,225
07325,TURMEQUE,07,BOYACA,3561,2076,909,261,3602
07328,TUTA,07,BOYACA,5685,2750,1947,485,5751
07331,TUTAZA,07,BOYACA,1306,727,336,129,1322
15298,UBALA,15,CUNDINAMARCA,4700,3176,923,352,4769
07334,UMBITA,07,BOYACA,3780,2703,632,240,3802
15301,UBAQUE,15,CUNDINAMARCA,4164,2580,951,338,4227
31109,ULLOA,31,VALLE,2558,992,1081,302,2622
15304,UBATE,15,CUNDINAMARCA,25625,13478,6787,2520,26112
17048,UNGUIA,17,CHOCO,3882,1221,2411,93,3910
15307,UNE,15,CUNDINAMARCA,4479,2717,992,422,4542
17060,UNION PANAMERICANA (LAS ANIMAS,17,CHOCO,2294,401,1631,117,2378
52074,URIBE,52,META,4962,442,4282,61,5040
01282,URAMITA,01,ANTIOQUIA,2811,1464,610,549,2862
48016,URIBIA,48,LA GUAJIRA,22269,8026,12551,521,22886
88805,URUGUAY,88,CONSULADOS,781,317,313,83,783
01283,URRAO,01,ANTIOQUIA,10593,6415,1979,1143,10775
48018,URUMITA,48,LA GUAJIRA,5310,2087,3036,47,5345
15316,UTICA,15,CUNDINAMARCA,3128,2504,359,152,3146
13061,VALENCIA,13,CORDOBA,12515,5561,6175,339,12616
01286,VALDIVIA,01,ANTIOQUIA,3395,1495,1387,183,3472
03061,USIACURI,03,ATLANTICO,4713,1391,2942,182,4752
27217,VALLE DE SAN JOSE,27,SANTANDER,3756,2510,745,296,3779
29118,VALLE DE SAN JUAN,29,TOLIMA,2788,1674,466,525,2821
64028,VALLE DEL GUAMUEZ (LA HORMIGA),64,PUTUMAYO,15068,1768,12120,187,15293
12001,VALLEDUPAR,12,CESAR,188358,84650,89773,4668,190265
01289,VALPARAISO,01,ANTIOQUIA,3165,1550,937,490,3202
44040,VALPARAISO,44,CAQUETA,2342,1498,587,87,2383
01290,VEGACHI,01,ANTIOQUIA,4822,3100,722,449,4892
01292,VENECIA,01,ANTIOQUIA,5672,3500,1035,785,5735
27220,VELEZ,27,SANTANDER,10180,5652,3145,790,10327
29121,VENADILLO,29,TOLIMA,6341,2842,2527,601,6454
88815,VENEZUELA,88,CONSULADOS,21601,14313,4352,2128,21751
15318,VENECIA,15,CUNDINAMARCA,2166,1097,823,146,2188
07337,VENTAQUEMADA,07,BOYACA,6924,3623,2205,516,7035
15319,VERGARA,15,CUNDINAMARCA,4148,2837,685,379,4180
27219,VETAS,27,SANTANDER,958,765,41,106,966
31112,VERSALLES,31,VALLE,3739,2086,788,603,3802
09127,VICTORIA,09,CALDAS,4504,2285,1155,428,4637
15322,VIANI,15,CUNDINAMARCA,2758,1643,685,278,2781
01291,VIGIA DEL FUERTE,01,ANTIOQUIA,2192,266,1663,145,2220
31115,VIJES,31,VALLE,6415,1591,3828,689,6494
25097,VILLA CARO,25,NORTE DE SAN,2349,2030,162,74,2363
07139,VILLA DE LEIVA,07,BOYACA,10037,5160,3142,778,10124
25100,VILLA DEL ROSARIO,25,NORTE DE SAN,46776,36138,5353,2111,47103
11098,VILLA RICA,11,CAUCA,10024,939,8512,238,10213
15323,VILLAGOMEZ,15,CUNDINAMARCA,1238,784,300,96,1251
29124,VILLAHERMOSA,29,TOLIMA,3286,1214,805,1006,3357
64030,VILLAGARZON,64,PUTUMAYO,10845,2719,7115,350,11035
05124,VILLANUEVA,05,BOLIVAR,7342,2916,3845,279,7453
09130,VILLAMARIA,09,CALDAS,31809,13096,10967,3558,32571
27221,VILLANUEVA,27,SANTANDER,4997,3280,757,606,5033
46880,VILLANUEVA,46,CASANARE,19647,11281,5436,1087,20257
29127,VILLARRICA,29,TOLIMA,2776,1769,569,335,2801
15325,VILLAPINZON,15,CUNDINAMARCA,10781,7402,1564,824,10907
48020,VILLANUEVA,48,LA GUAJIRA,9962,4316,5027,246,10080
52001,VILLAVICENCIO,52,META,258018,136730,78547,20462,260921
19091,VILLAVIEJA,19,HUILA,3937,1951,1608,182,3993
07340,VIRACACHA,07,BOYACA,1504,1073,221,109,1521
15331,VIOTA,15,CUNDINAMARCA,7156,3681,2554,591,7233
52080,VISTA HERMOSA,52,META,7495,3670,2894,372,7729
15334,YACOPI,15,CUNDINAMARCA,5337,3944,795,384,5392
15328,VILLETA,15,CUNDINAMARCA,16417,10548,3650,1106,16559
09133,VITERBO,09,CALDAS,7639,4100,1707,966,7784
23145,YACUANQUER,23,NARIÑO,5891,1236,4194,201,6022
19094,YAGUARA,19,HUILA,4764,2862,1427,192,4830
01295,YARUMAL,01,ANTIOQUIA,16156,9119,3096,1732,16518
01293,YALI,01,ANTIOQUIA,2393,1418,506,272,2427
01298,YOLOMBO,01,ANTIOQUIA,7588,3987,1615,1182,7718
68022,YAVARATE,68,VAUPES,353,7,319,12,355
01300,YONDO-CASABE,01,ANTIOQUIA,9173,4286,3711,403,9397
31121,YUMBO,31,VALLE,65405,14169,44723,2963,66046
31118,YOTOCO,31,VALLE,8325,2680,4636,505,8483
05127,ZAMBRANO,05,BOLIVAR,5021,1030,3889,32,5054
21090,ZAPAYAN,21,MAGDALENA,3904,2435,1200,158,3940
27223,ZAPATOCA,27,SANTANDER,5431,3615,1076,365,5473
46001,YOPAL,46,CASANARE,93390,54089,25755,5948,94609
31124,ZARZAL,31,VALLE,22316,6356,13457,1193,22601
01301,ZARAGOZA,01,ANTIOQUIA,6234,2263,3012,399,6413
15337,ZIPACON,15,CUNDINAMARCA,2935,1444,895,350,2994
07346,ZETAQUIRA,07,BOYACA,2815,1889,632,141,2831
15340,ZIPAQUIRA,15,CUNDINAMARCA,83769,29209,39011,5821,85160
21095,ZONA BANANERA (SEVILLA),21,MAGDALENA,20309,4436,14635,291,20618